grupo,sitio,sexo,nacimiento,muerte,edad_muerte,edad
2,Heredia,femenino,1968,2013,45,41-45
2,Heredia,femenino,1930,2011,81,81-85
2,Heredia,masculino,1917,1995,78,76-80
2,Heredia,masculino,1940,2017,77,76-80
2,Heredia,femenino,1938,2024,86,86-90
2,Heredia,masculino,1906,1986,80,76-80
2,Heredia,femenino,1910,1987,77,76-80
2,Heredia,masculino,1939,2001,62,61-65
2,Heredia,masculino,1986,2003,17,16-20
2,Heredia,masculino,1930,2008,78,76-80
2,Heredia,femenino,1933,1998,65,61-65
2,Heredia,masculino,1937,2013,76,76-80
2,Heredia,femenino,1937,1998,61,61-65
2,Heredia,masculino,1945,2018,73,71-75
2,Heredia,femenino,1905,1989,84,81-85
2,Heredia,masculino,1948,1988,40,36-40
2,Heredia,masculino,1948,2023,75,71-75
2,Heredia,masculino,1975,2025,50,46-50
2,Heredia,femenino,1916,1984,68,66-70
2,Heredia,femenino,1932,2023,91,91-95
2,Heredia,masculino,1912,1990,78,76-80
2,Heredia,masculino,1973,2020,47,46-50
2,Heredia,femenino,1947,2022,75,71-75
2,Heredia,femenino,1933,2006,73,71-75
2,Heredia,femenino,1984,2024,40,36-40
2,Heredia,femenino,1958,1976,18,16-20
2,Heredia,masculino,1955,2018,63,61-65
2,Heredia,masculino,1921,2019,98,96+
2,Heredia,femenino,1912,1990,78,76-80
2,Heredia,masculino,1938,2024,86,86-90
2,Heredia,masculino,1953,2025,72,71-75
2,Heredia,masculino,1958,2023,65,61-65
2,Heredia,femenino,1928,2017,89,86-90
2,Heredia,masculino,1959,2014,55,51-55
2,Heredia,femenino,1929,2012,83,81-85
2,Heredia,femenino,1920,1981,61,61-65
2,Heredia,masculino,1943,2015,72,71-75
2,Heredia,masculino,1902,1989,87,86-90
2,Heredia,femenino,1988,1988,0,0-01
2,Heredia,masculino,1977,1979,2,02-05
2,Heredia,masculino,1965,2001,36,36-40
2,Heredia,masculino,1940,1988,48,46-50
2,Heredia,femenino,1946,2005,59,56-60
2,Heredia,femenino,1918,1997,79,76-80
2,Heredia,masculino,1915,1999,84,81-85
2,Heredia,masculino,1963,2022,59,56-60
2,Heredia,femenino,1959,2025,66,66-70
2,Heredia,masculino,1957,2006,49,46-50
2,Heredia,femenino,1935,2005,70,66-70
2,Heredia,masculino,1960,2014,54,51-55
2,Heredia,femenino,1918,2006,88,86-90
2,Heredia,femenino,1951,2023,72,71-75
2,Heredia,masculino,1929,2008,79,76-80
2,Heredia,femenino,1938,1995,57,56-60
2,Heredia,masculino,1947,2000,53,51-55
2,Heredia,femenino,1922,2016,94,91-95
2,Heredia,femenino,1914,2011,97,96+
2,Heredia,masculino,1924,2012,88,86-90
2,Heredia,femenino,1990,1990,0,0-01
2,Heredia,masculino,2008,2008,0,0-01
2,Heredia,masculino,1940,2005,65,61-65
2,Heredia,femenino,1914,2000,86,86-90
2,Heredia,femenino,1941,2015,74,71-75
2,Heredia,femenino,1953,2015,62,61-65
2,Heredia,femenino,1928,2023,95,91-95
2,Heredia,femenino,1926,2015,89,86-90
2,Heredia,femenino,1962,2011,49,46-50
2,Heredia,masculino,1928,1990,62,61-65
2,Heredia,masculino,1924,2003,79,76-80
2,Heredia,femenino,1921,2019,98,96+
2,Heredia,masculino,1990,2024,34,31-35
2,Heredia,femenino,1951,2007,56,56-60
2,Heredia,masculino,1963,2003,40,36-40
2,Heredia,femenino,1909,1995,86,86-90
2,Heredia,femenino,1924,1980,56,56-60
2,Heredia,masculino,1945,2020,75,71-75
2,Heredia,masculino,1919,1970,51,51-55
2,Heredia,femenino,1930,2021,91,91-95
2,Heredia,femenino,1910,1995,85,81-85
2,Heredia,masculino,1920,1999,79,76-80
2,Heredia,masculino,1926,2006,80,76-80
2,Heredia,femenino,1931,2014,83,81-85
2,Heredia,femenino,1952,2022,70,66-70
2,Heredia,femenino,1932,2014,82,81-85
2,Heredia,femenino,1921,2014,93,91-95
2,Heredia,femenino,1931,2006,75,71-75
2,Heredia,masculino,1929,2011,82,81-85
2,Heredia,femenino,1925,2014,89,86-90
2,Heredia,masculino,1985,2007,22,21-25
2,Heredia,masculino,1908,2004,96,96+
2,Heredia,femenino,1929,2016,87,86-90
2,Heredia,femenino,1925,2018,93,91-95
2,Heredia,masculino,1910,2001,91,91-95
2,Heredia,masculino,1918,2009,91,91-95
2,Heredia,femenino,1914,1998,84,81-85
2,Heredia,femenino,1943,2025,82,81-85
2,Heredia,femenino,1974,2024,50,46-50
2,Heredia,femenino,1934,2022,88,86-90
2,Heredia,masculino,1917,2004,87,86-90
2,Heredia,masculino,1915,1998,83,81-85
2,Heredia,masculino,1945,2003,58,56-60
2,Heredia,femenino,1922,2011,89,86-90
2,Heredia,femenino,1938,2023,85,81-85
2,Heredia,masculino,1947,2007,60,56-60
2,Heredia,masculino,1911,2007,96,96+
2,Heredia,femenino,1911,2006,95,91-95
2,Heredia,masculino,1921,1990,69,66-70
2,Heredia,masculino,1938,2020,82,81-85
2,Heredia,femenino,1911,2011,100,96+
2,Heredia,masculino,1923,2004,81,81-85
2,Heredia,femenino,1924,2002,78,76-80
2,Heredia,masculino,1953,2010,57,56-60
2,Heredia,masculino,1977,2025,48,46-50
2,Heredia,masculino,1986,2022,36,36-40
2,Heredia,femenino,1925,2005,80,76-80
2,Heredia,femenino,1924,2005,81,81-85
2,Heredia,femenino,1936,1998,62,61-65
2,Heredia,masculino,1976,2020,44,41-45
2,Heredia,femenino,1935,2014,79,76-80
2,Heredia,masculino,1925,2003,78,76-80
2,Heredia,femenino,1939,1996,57,56-60
2,Heredia,masculino,1935,2014,79,76-80
2,Heredia,femenino,1935,2019,84,81-85
2,Heredia,femenino,1921,1987,66,66-70
2,Heredia,masculino,1916,2009,93,91-95
2,Heredia,femenino,1918,2004,86,86-90
2,Heredia,femenino,1945,1999,54,51-55
2,Heredia,femenino,1913,2007,94,91-95
2,Heredia,femenino,1985,1986,1,0-01
2,Heredia,masculino,1946,1968,22,21-25
2,Heredia,masculino,1973,2018,45,41-45
2,Heredia,femenino,1974,2010,36,36-40
2,Heredia,femenino,1925,2004,79,76-80
2,Heredia,masculino,1924,2001,77,76-80
2,Heredia,masculino,1957,2023,66,66-70
2,Heredia,femenino,1954,1983,29,26-30
2,Heredia,masculino,1912,1993,81,81-85
2,Heredia,masculino,1978,2000,22,21-25
2,Heredia,femenino,1922,1976,54,51-55
2,Heredia,masculino,1927,1999,72,71-75
2,Heredia,masculino,1916,2008,92,91-95
2,Heredia,femenino,1922,1991,69,66-70
2,Heredia,masculino,1951,2002,51,51-55
2,Heredia,femenino,1908,1977,69,66-70
2,Heredia,femenino,1942,2008,66,66-70
2,Heredia,femenino,1938,2022,84,81-85
2,Heredia,femenino,1910,2003,93,91-95
2,Heredia,masculino,1912,1988,76,76-80
2,Heredia,femenino,1911,2002,91,91-95
2,Heredia,femenino,1923,2009,86,86-90
2,Heredia,femenino,1948,2025,77,76-80
2,Heredia,femenino,1943,2020,77,76-80
2,Heredia,femenino,1926,2009,83,81-85
2,Heredia,masculino,1908,1984,76,76-80
2,Heredia,femenino,1923,2010,87,86-90
2,Heredia,femenino,1951,2019,68,66-70
2,Heredia,femenino,1942,2015,73,71-75
2,Heredia,masculino,1945,2022,77,76-80
2,Heredia,femenino,1930,2006,76,76-80
2,Heredia,femenino,1941,2004,63,61-65
2,Heredia,masculino,1975,2000,25,21-25
2,Heredia,masculino,1951,2005,54,51-55
2,Heredia,masculino,1936,2005,69,66-70
2,Heredia,femenino,1971,1980,9,06-10
2,Heredia,masculino,1950,1987,37,36-40
2,Heredia,femenino,1931,1981,50,46-50
2,Heredia,masculino,1963,2016,53,51-55
2,Heredia,masculino,1961,1970,9,06-10
2,Heredia,masculino,1924,2016,92,91-95
2,Heredia,masculino,1939,1969,30,26-30
2,Heredia,masculino,1947,2016,69,66-70
2,Heredia,masculino,1969,2022,53,51-55
2,Heredia,femenino,1932,2009,77,76-80
2,Heredia,masculino,1928,2015,87,86-90
2,Heredia,masculino,1920,2010,90,86-90
2,Heredia,masculino,1907,1974,67,66-70
2,Heredia,femenino,1938,2018,80,76-80
2,Heredia,femenino,1940,2025,85,81-85
2,Heredia,masculino,1939,2020,81,81-85
2,Heredia,femenino,1919,2016,97,96+
2,Heredia,femenino,1946,2016,70,66-70
2,Heredia,femenino,1902,1991,89,86-90
2,Heredia,masculino,1936,2012,76,76-80
2,Heredia,femenino,1901,2000,99,96+
2,Heredia,femenino,1959,2019,60,56-60
2,Heredia,femenino,1943,2021,78,76-80
2,Heredia,masculino,1935,2024,89,86-90
2,Heredia,femenino,1942,2017,75,71-75
2,Heredia,masculino,1904,1985,81,81-85
2,Heredia,masculino,1926,2014,88,86-90
2,Heredia,masculino,1953,2013,60,56-60
2,Heredia,masculino,1964,2001,37,36-40
2,Heredia,masculino,1918,2000,82,81-85
2,Heredia,femenino,1928,2023,95,91-95
2,Heredia,masculino,1930,2007,77,76-80
2,Heredia,masculino,1956,1980,24,21-25
2,Heredia,femenino,1937,2022,85,81-85
2,Heredia,femenino,1960,1987,27,26-30
2,Heredia,femenino,1960,2007,47,46-50
2,Heredia,masculino,1958,2023,65,61-65
2,Heredia,femenino,1926,2015,89,86-90
2,Heredia,masculino,1924,1992,68,66-70
2,Heredia,masculino,1951,2019,68,66-70
2,Heredia,masculino,1923,1998,75,71-75
2,Heredia,femenino,1920,2003,83,81-85
2,Heredia,femenino,1956,2016,60,56-60
2,Heredia,masculino,1944,2019,75,71-75
2,Heredia,femenino,1926,2008,82,81-85
2,Heredia,masculino,1974,1994,20,16-20
2,Heredia,masculino,1994,2025,31,31-35
2,Heredia,masculino,1917,1995,78,76-80
2,Heredia,femenino,1934,2021,87,86-90
2,Heredia,masculino,1948,2021,73,71-75
2,Heredia,masculino,1953,2014,61,61-65
2,Heredia,masculino,1958,1995,37,36-40
2,Heredia,femenino,1940,2005,65,61-65
2,Heredia,femenino,1928,1979,51,51-55
2,Heredia,masculino,1923,2018,95,91-95
2,Heredia,masculino,1965,2001,36,36-40
2,Heredia,masculino,1919,2009,90,86-90
2,Heredia,femenino,1956,2021,65,61-65
2,Heredia,femenino,1916,2004,88,86-90
2,Heredia,masculino,1979,2004,25,21-25
2,Heredia,femenino,1968,2008,40,36-40
2,Heredia,femenino,1949,2014,65,61-65
2,Heredia,masculino,1909,1989,80,76-80
2,Heredia,femenino,1904,2010,106,96+
2,Heredia,masculino,1960,2020,60,56-60
2,Heredia,masculino,1928,2005,77,76-80
2,Heredia,masculino,1900,1975,75,71-75
2,Heredia,femenino,1904,1987,83,81-85
2,Heredia,femenino,1930,2004,74,71-75
2,Heredia,masculino,1932,2012,80,76-80
2,Heredia,femenino,1936,2019,83,81-85
2,Heredia,masculino,1945,2011,66,66-70
2,Heredia,masculino,1956,2002,46,46-50
2,Heredia,masculino,1953,2022,69,66-70
2,Heredia,masculino,1935,2022,87,86-90
2,Heredia,femenino,1915,2010,95,91-95
2,Heredia,masculino,1945,2011,66,66-70
2,Heredia,masculino,1953,2022,69,66-70
2,Heredia,masculino,1953,2002,49,46-50
2,Heredia,femenino,1914,1980,66,66-70
2,Heredia,masculino,1910,1999,89,86-90
2,Heredia,masculino,1963,2024,61,61-65
2,Heredia,femenino,1939,2019,80,76-80
2,Heredia,masculino,1994,2020,26,26-30
2,Heredia,masculino,1966,2012,46,46-50
2,Heredia,femenino,2006,2008,2,02-05
2,Heredia,masculino,1992,2005,13,11-15
2,Heredia,masculino,1933,2002,69,66-70
2,Heredia,masculino,1927,1999,72,71-75
2,Heredia,masculino,1928,2010,82,81-85
2,Heredia,masculino,1951,2002,51,51-55
2,Heredia,femenino,1952,2013,61,61-65
2,Heredia,masculino,1946,2024,78,76-80
2,Heredia,masculino,1937,2015,78,76-80
2,Heredia,femenino,1940,2012,72,71-75
2,Heredia,masculino,1932,2008,76,76-80
2,Heredia,femenino,1929,2009,80,76-80
2,Heredia,femenino,1925,2014,89,86-90
2,Heredia,masculino,1921,2017,96,96+
2,Heredia,masculino,1900,1977,77,76-80
2,Heredia,masculino,1951,2019,68,66-70
2,Heredia,femenino,1926,2021,95,91-95
2,Heredia,masculino,1918,1989,71,71-75
2,Heredia,masculino,1982,1982,0,0-01
2,Heredia,femenino,1913,1989,76,76-80
2,Heredia,masculino,1995,1996,1,0-01
2,Heredia,femenino,1917,1974,57,56-60
2,Heredia,masculino,1974,1974,0,0-01
2,Heredia,masculino,1936,2006,70,66-70
2,Heredia,masculino,1971,1980,9,06-10
2,Heredia,masculino,1941,2000,59,56-60
2,Heredia,femenino,1945,2023,78,76-80
2,Heredia,masculino,1913,1993,80,76-80
2,Heredia,femenino,1918,2015,97,96+
2,Heredia,masculino,1914,2000,86,86-90
2,Heredia,femenino,1954,1986,32,31-35
2,Heredia,femenino,1920,2015,95,91-95
2,Heredia,masculino,1979,2000,21,21-25
2,Heredia,masculino,1910,2003,93,91-95
2,Heredia,femenino,1984,2014,30,26-30
2,Heredia,femenino,1946,2014,68,66-70
2,Heredia,femenino,1925,2015,90,86-90
2,Heredia,masculino,1994,2015,21,21-25
2,Heredia,masculino,1903,2009,106,96+
2,Heredia,femenino,1927,2005,78,76-80
2,Heredia,masculino,1946,2024,78,76-80
2,Heredia,masculino,1945,1998,53,51-55
2,Heredia,femenino,1988,2022,34,31-35
2,Heredia,masculino,1915,1983,68,66-70
2,Heredia,femenino,1935,2019,84,81-85
2,Heredia,masculino,1954,2008,54,51-55
2,Heredia,femenino,1910,1996,86,86-90
2,Heredia,masculino,1947,2021,74,71-75
2,Heredia,masculino,1931,2022,91,91-95
2,Heredia,masculino,1968,1969,1,0-01
2,Heredia,femenino,1931,2021,90,86-90
2,Heredia,masculino,1924,2008,84,81-85
2,Heredia,masculino,1906,1998,92,91-95
2,Heredia,femenino,1906,1998,92,91-95
2,Heredia,masculino,1940,1997,57,56-60
2,Heredia,masculino,1891,1983,92,91-95
2,Heredia,femenino,1996,2020,24,21-25
2,Heredia,masculino,1947,2016,69,66-70
2,Heredia,femenino,1977,1999,22,21-25
2,Heredia,masculino,1926,2010,84,81-85
2,Heredia,femenino,1918,2015,97,96+
2,Heredia,masculino,1914,2000,86,86-90
2,Heredia,masculino,1913,1993,80,76-80
2,Heredia,femenino,1944,2023,79,76-80
2,Heredia,masculino,1961,2002,41,41-45
2,Heredia,masculino,1968,2008,40,36-40
2,Heredia,femenino,1974,2013,39,36-40
2,Heredia,masculino,1966,2020,54,51-55
2,Heredia,masculino,1902,1996,94,91-95
2,Heredia,femenino,1926,2010,84,81-85
2,Heredia,masculino,1957,2013,56,56-60
2,Heredia,femenino,1938,2013,75,71-75
2,Heredia,masculino,1944,2009,65,61-65
2,Heredia,masculino,1924,2018,94,91-95
2,Heredia,masculino,1930,2018,88,86-90
2,Heredia,femenino,1942,2002,60,56-60
2,Heredia,masculino,1991,2021,30,26-30
2,Heredia,masculino,1964,2004,40,36-40
2,Heredia,femenino,1963,2024,61,61-65
2,Heredia,femenino,1927,1975,48,46-50
2,Heredia,masculino,1924,2011,87,86-90
2,Heredia,masculino,1975,2017,42,41-45
2,Heredia,masculino,1932,2017,85,81-85
2,Heredia,femenino,1920,2012,92,91-95
2,Heredia,femenino,1933,2023,90,86-90
2,Heredia,masculino,1938,2019,81,81-85
2,Heredia,femenino,1927,1990,63,61-65
2,Heredia,masculino,1936,2002,66,66-70
2,Heredia,femenino,1922,2011,89,86-90
2,Heredia,masculino,1950,2017,67,66-70
2,Heredia,femenino,1925,1987,62,61-65
2,Heredia,masculino,1959,2007,48,46-50
2,Heredia,femenino,1932,2008,76,76-80
2,Heredia,masculino,1933,2020,87,86-90
2,Heredia,femenino,1918,1998,80,76-80
2,Heredia,masculino,1929,2009,80,76-80
2,Heredia,femenino,1927,2005,78,76-80
2,Heredia,femenino,1935,2008,73,71-75
2,Heredia,femenino,1945,2017,72,71-75
2,Heredia,masculino,1940,2023,83,81-85
2,Heredia,masculino,1934,2015,81,81-85
2,Heredia,femenino,1913,2009,96,96+
2,Heredia,femenino,1927,2007,80,76-80
2,Heredia,femenino,1907,1960,53,51-55
2,Heredia,femenino,1923,2007,84,81-85
2,Heredia,masculino,1934,2005,71,71-75
2,Heredia,femenino,1911,1989,78,76-80
2,Heredia,femenino,1938,1960,22,21-25
2,Heredia,femenino,1944,2005,61,61-65
2,Heredia,masculino,1943,2019,76,76-80
2,Heredia,masculino,1949,2019,70,66-70
2,Heredia,masculino,1928,2019,91,91-95
2,Heredia,masculino,1951,2020,69,66-70
2,Heredia,femenino,1917,2002,85,81-85
2,Heredia,masculino,1960,2003,43,41-45
2,Heredia,masculino,1910,1973,63,61-65
2,Heredia,femenino,1917,2016,99,96+
2,Heredia,masculino,1927,2000,73,71-75
2,Heredia,masculino,1924,1978,54,51-55
2,Heredia,femenino,1899,1991,92,91-95
2,Heredia,masculino,1951,1992,41,41-45
2,Heredia,femenino,1929,2019,90,86-90
2,Heredia,masculino,1957,2020,63,61-65
2,Heredia,femenino,1944,2002,58,56-60
2,Heredia,femenino,1908,1997,89,86-90
2,Heredia,masculino,1929,1951,22,21-25
2,Heredia,masculino,1923,1959,36,36-40
2,Heredia,femenino,1958,2006,48,46-50
2,Heredia,femenino,1881,1881,0,0-01
2,Heredia,femenino,1953,2021,68,66-70
2,Heredia,femenino,1959,2022,63,61-65
2,Heredia,femenino,1958,1973,15,11-15
2,Heredia,masculino,1950,2018,68,66-70
2,Heredia,femenino,1935,1989,54,51-55
2,Heredia,masculino,1954,1982,28,26-30
2,Heredia,femenino,1958,1960,2,02-05
2,Heredia,femenino,1938,2019,81,81-85
2,Heredia,masculino,1903,1979,76,76-80
2,Heredia,femenino,1907,1998,91,91-95
2,Heredia,masculino,1949,2001,52,51-55
2,Heredia,masculino,1926,2012,86,86-90
2,Heredia,masculino,1989,2017,28,26-30
2,Heredia,femenino,1983,2024,41,41-45
2,Heredia,masculino,1941,2023,82,81-85
2,Heredia,femenino,1935,2022,87,86-90
2,Heredia,masculino,1937,2020,83,81-85
2,Heredia,masculino,1981,2017,36,36-40
2,Heredia,masculino,1901,1992,91,91-95
2,Heredia,femenino,1924,1992,68,66-70
2,Heredia,femenino,1904,1989,85,81-85
2,Heredia,masculino,1921,1992,71,71-75
2,Heredia,masculino,1940,2011,71,71-75
2,Heredia,femenino,1957,2009,52,51-55
2,Heredia,femenino,1914,2000,86,86-90
2,Heredia,femenino,1939,2020,81,81-85
2,Heredia,masculino,1937,2019,82,81-85
3,Heredia,femenino,1918,1933,15,11-15
3,Heredia,femenino,1922,1993,71,71-75
3,Heredia,femenino,1838,1902,64,61-65
3,Heredia,masculino,1842,1911,69,66-70
3,Heredia,femenino,1945,1962,17,16-20
3,Heredia,femenino,1860,1920,60,56-60
3,Heredia,femenino,1873,1943,70,66-70
3,Heredia,femenino,1877,1934,57,56-60
3,Heredia,masculino,1878,1943,65,61-65
3,Heredia,femenino,1984,2013,29,26-30
3,Heredia,femenino,1884,1936,52,51-55
3,Heredia,masculino,1886,1962,76,76-80
3,Heredia,femenino,1888,1968,80,76-80
3,Heredia,masculino,1888,1963,75,71-75
3,Heredia,masculino,1888,1967,79,76-80
3,Heredia,femenino,1889,1953,64,61-65
3,Heredia,masculino,1993,2011,18,16-20
3,Heredia,masculino,1896,1947,51,51-55
3,Heredia,femenino,1897,1994,97,96+
3,Heredia,masculino,1897,1992,95,91-95
3,Heredia,femenino,1898,1976,78,76-80
3,Heredia,femenino,1900,1975,75,71-75
3,Heredia,femenino,1902,1994,92,91-95
3,Heredia,masculino,1902,2003,101,96+
3,Heredia,femenino,1902,1990,88,86-90
3,Heredia,femenino,1902,2001,99,96+
3,Heredia,masculino,1904,1951,47,46-50
3,Heredia,femenino,1904,1993,89,86-90
3,Heredia,masculino,1905,2001,96,96+
3,Heredia,masculino,1905,1989,84,81-85
3,Heredia,masculino,1905,1985,80,76-80
3,Heredia,masculino,1905,1981,76,76-80
3,Heredia,femenino,1905,1988,83,81-85
3,Heredia,masculino,1906,1972,66,66-70
3,Heredia,femenino,1906,2008,102,96+
3,Heredia,masculino,1907,2007,100,96+
3,Heredia,masculino,1907,1999,92,91-95
3,Heredia,masculino,1907,1987,80,76-80
3,Heredia,femenino,1908,1998,90,86-90
3,Heredia,masculino,1908,1943,35,31-35
3,Heredia,masculino,1908,1999,91,91-95
3,Heredia,femenino,1908,1985,77,76-80
3,Heredia,femenino,1909,1978,69,66-70
3,Heredia,masculino,1909,1995,86,86-90
3,Heredia,femenino,1909,2003,94,91-95
3,Heredia,femenino,1909,1943,34,31-35
3,Heredia,masculino,1909,2002,93,91-95
3,Heredia,femenino,1909,1991,82,81-85
3,Heredia,masculino,1909,2002,93,91-95
3,Heredia,masculino,1910,1982,72,71-75
3,Heredia,masculino,1910,2006,96,96+
3,Heredia,masculino,1910,1988,78,76-80
3,Heredia,masculino,1910,1991,81,81-85
3,Heredia,femenino,1910,1995,85,81-85
3,Heredia,femenino,1910,2016,106,96+
3,Heredia,femenino,1911,1916,5,02-05
3,Heredia,masculino,1911,2006,95,91-95
3,Heredia,femenino,1911,1994,83,81-85
3,Heredia,femenino,1912,1988,76,76-80
3,Heredia,femenino,1912,2002,90,86-90
3,Heredia,femenino,1912,2005,93,91-95
3,Heredia,masculino,1912,1962,50,46-50
3,Heredia,femenino,1912,1944,32,31-35
3,Heredia,masculino,1912,1980,68,66-70
3,Heredia,femenino,1913,2005,92,91-95
3,Heredia,masculino,1913,1982,69,66-70
3,Heredia,masculino,1913,1947,34,31-35
3,Heredia,femenino,1913,1994,81,81-85
3,Heredia,femenino,1913,1993,80,76-80
3,Heredia,femenino,1914,1989,75,71-75
3,Heredia,femenino,1914,1986,72,71-75
3,Heredia,femenino,1914,1992,78,76-80
3,Heredia,femenino,1914,2009,95,91-95
3,Heredia,masculino,1915,1928,13,11-15
3,Heredia,masculino,1915,1988,73,71-75
3,Heredia,femenino,1915,1999,84,81-85
3,Heredia,femenino,1915,2006,91,91-95
3,Heredia,masculino,1915,2016,101,96+
3,Heredia,femenino,1915,1999,84,81-85
3,Heredia,femenino,1916,1995,79,76-80
3,Heredia,femenino,1916,1988,72,71-75
3,Heredia,masculino,1916,1997,81,81-85
3,Heredia,femenino,1916,2015,99,96+
3,Heredia,masculino,1916,2000,84,81-85
3,Heredia,femenino,1916,2016,100,96+
3,Heredia,masculino,1917,1985,68,66-70
3,Heredia,masculino,1917,1978,61,61-65
3,Heredia,masculino,1917,1993,76,76-80
3,Heredia,masculino,1917,1993,76,76-80
3,Heredia,masculino,1917,2015,98,96+
3,Heredia,femenino,1917,2002,85,81-85
3,Heredia,masculino,1918,1969,51,51-55
3,Heredia,masculino,1918,1997,79,76-80
3,Heredia,masculino,1918,1997,79,76-80
3,Heredia,masculino,1918,2002,84,81-85
3,Heredia,masculino,1918,2024,106,96+
3,Heredia,masculino,1918,2013,95,91-95
3,Heredia,masculino,1918,1987,69,66-70
3,Heredia,femenino,1918,1995,77,76-80
3,Heredia,masculino,1918,1994,76,76-80
3,Heredia,femenino,1919,2004,85,81-85
3,Heredia,masculino,1919,2009,90,86-90
3,Heredia,femenino,1919,2010,91,91-95
3,Heredia,femenino,1919,2019,100,96+
3,Heredia,masculino,1919,2006,87,86-90
3,Heredia,masculino,1919,2003,84,81-85
3,Heredia,masculino,1920,2000,80,76-80
3,Heredia,masculino,1920,2016,96,96+
3,Heredia,masculino,1920,2007,87,86-90
3,Heredia,masculino,1920,2017,97,96+
3,Heredia,masculino,1920,1999,79,76-80
3,Heredia,femenino,1920,2016,96,96+
3,Heredia,femenino,1920,2020,100,96+
3,Heredia,femenino,1920,1982,62,61-65
3,Heredia,femenino,1921,2010,89,86-90
3,Heredia,femenino,1921,2007,86,86-90
3,Heredia,femenino,1921,2021,100,96+
3,Heredia,femenino,1921,2017,96,96+
3,Heredia,femenino,1921,1989,68,66-70
3,Heredia,masculino,1922,1974,52,51-55
3,Heredia,masculino,1922,2008,86,86-90
3,Heredia,femenino,1922,1992,70,66-70
3,Heredia,masculino,1922,2017,95,91-95
3,Heredia,masculino,1923,1998,75,71-75
3,Heredia,femenino,1923,1998,75,71-75
3,Heredia,femenino,1923,2009,86,86-90
3,Heredia,femenino,1923,2009,86,86-90
3,Heredia,masculino,1923,1981,58,56-60
3,Heredia,masculino,1923,2012,89,86-90
3,Heredia,femenino,1924,2007,83,81-85
3,Heredia,masculino,1924,2002,78,76-80
3,Heredia,masculino,1924,2004,80,76-80
3,Heredia,masculino,1924,2000,76,76-80
3,Heredia,femenino,1924,2015,91,91-95
3,Heredia,masculino,1924,2013,89,86-90
3,Heredia,femenino,1925,1999,74,71-75
3,Heredia,femenino,1925,2024,99,96+
3,Heredia,femenino,1925,2010,85,81-85
3,Heredia,femenino,1925,2009,84,81-85
3,Heredia,masculino,1925,2001,76,76-80
3,Heredia,femenino,1925,2016,91,91-95
3,Heredia,femenino,1925,2002,77,76-80
3,Heredia,femenino,1925,2005,80,76-80
3,Heredia,masculino,1925,2002,77,76-80
3,Heredia,femenino,1925,2024,99,96+
3,Heredia,masculino,1925,2001,76,76-80
3,Heredia,masculino,1926,1962,36,36-40
3,Heredia,femenino,1926,2016,90,86-90
3,Heredia,femenino,1926,2011,85,81-85
3,Heredia,masculino,1926,1999,73,71-75
3,Heredia,masculino,1926,1999,73,71-75
3,Heredia,masculino,1926,1998,72,71-75
3,Heredia,femenino,1926,2010,84,81-85
3,Heredia,masculino,1926,2023,97,96+
3,Heredia,masculino,1926,1936,10,06-10
3,Heredia,femenino,1927,2012,85,81-85
3,Heredia,masculino,1927,1981,54,51-55
3,Heredia,femenino,1927,2014,87,86-90
3,Heredia,femenino,1927,2006,79,76-80
3,Heredia,masculino,1927,2006,79,76-80
3,Heredia,femenino,1928,2001,73,71-75
3,Heredia,masculino,1928,2005,77,76-80
3,Heredia,masculino,1928,1994,66,66-70
3,Heredia,masculino,1928,2010,82,81-85
3,Heredia,masculino,1928,2018,90,86-90
3,Heredia,femenino,1928,1994,66,66-70
3,Heredia,masculino,1928,2009,81,81-85
3,Heredia,femenino,1928,2014,86,86-90
3,Heredia,femenino,1929,2002,73,71-75
3,Heredia,femenino,1929,2024,95,91-95
3,Heredia,masculino,1929,2024,95,91-95
3,Heredia,masculino,1929,1999,70,66-70
3,Heredia,masculino,1929,2018,89,86-90
3,Heredia,masculino,1929,2021,92,91-95
3,Heredia,masculino,1929,2007,78,76-80
3,Heredia,masculino,1929,2017,88,86-90
3,Heredia,masculino,1930,2004,74,71-75
3,Heredia,masculino,1930,2011,81,81-85
3,Heredia,masculino,1930,1976,46,46-50
3,Heredia,masculino,1930,2005,75,71-75
3,Heredia,femenino,1930,1985,55,51-55
3,Heredia,masculino,1931,2005,74,71-75
3,Heredia,masculino,1931,2014,83,81-85
3,Heredia,femenino,1931,1988,57,56-60
3,Heredia,masculino,1931,1993,62,61-65
3,Heredia,femenino,1931,2003,72,71-75
3,Heredia,femenino,1931,2001,70,66-70
3,Heredia,femenino,1931,1993,62,61-65
3,Heredia,masculino,1931,2018,87,86-90
3,Heredia,masculino,1932,2016,84,81-85
3,Heredia,femenino,1932,2015,83,81-85
3,Heredia,masculino,1932,2010,78,76-80
3,Heredia,masculino,1932,2012,80,76-80
3,Heredia,femenino,1932,2011,79,76-80
3,Heredia,femenino,1932,2021,89,86-90
3,Heredia,femenino,1933,2011,78,76-80
3,Heredia,femenino,1933,1991,58,56-60
3,Heredia,masculino,1933,2010,77,76-80
3,Heredia,masculino,1933,2019,86,86-90
3,Heredia,masculino,1933,2013,80,76-80
3,Heredia,femenino,1933,2008,75,71-75
3,Heredia,femenino,1933,2024,91,91-95
3,Heredia,femenino,1934,2024,90,86-90
3,Heredia,femenino,1934,2005,71,71-75
3,Heredia,femenino,1934,2010,76,76-80
3,Heredia,femenino,1935,2018,83,81-85
3,Heredia,femenino,1935,2021,86,86-90
3,Heredia,femenino,1935,1984,49,46-50
3,Heredia,masculino,1935,1997,62,61-65
3,Heredia,femenino,1935,1967,32,31-35
3,Heredia,masculino,1935,2012,77,76-80
3,Heredia,masculino,1935,2011,76,76-80
3,Heredia,masculino,1936,2007,71,71-75
3,Heredia,masculino,1936,2000,64,61-65
3,Heredia,femenino,1936,1995,59,56-60
3,Heredia,femenino,1937,2000,63,61-65
3,Heredia,femenino,1937,2000,63,61-65
3,Heredia,masculino,1937,2012,75,71-75
3,Heredia,femenino,1937,2024,87,86-90
3,Heredia,masculino,1938,1998,60,56-60
3,Heredia,masculino,1938,2024,86,86-90
3,Heredia,masculino,1939,2003,64,61-65
3,Heredia,femenino,1939,2018,79,76-80
3,Heredia,masculino,1940,2014,74,71-75
3,Heredia,femenino,1940,2024,84,81-85
3,Heredia,femenino,1940,2006,66,66-70
3,Heredia,masculino,1940,2012,72,71-75
3,Heredia,femenino,1941,2010,69,66-70
3,Heredia,femenino,1942,2015,73,71-75
3,Heredia,femenino,1942,2020,78,76-80
3,Heredia,femenino,1942,2008,66,66-70
3,Heredia,femenino,1944,2024,80,76-80
3,Heredia,femenino,1945,2016,71,71-75
3,Heredia,masculino,1945,2016,71,71-75
3,Heredia,femenino,1945,2016,71,71-75
3,Heredia,masculino,1945,2017,72,71-75
3,Heredia,masculino,1945,2008,63,61-65
3,Heredia,femenino,1945,2014,69,66-70
3,Heredia,femenino,1946,2013,67,66-70
3,Heredia,masculino,1946,2006,60,56-60
3,Heredia,masculino,1946,2006,60,56-60
3,Heredia,masculino,1946,2006,60,56-60
3,Heredia,masculino,1946,1998,52,51-55
3,Heredia,femenino,1946,2009,63,61-65
3,Heredia,masculino,1946,2003,57,56-60
3,Heredia,masculino,1947,2015,68,66-70
3,Heredia,masculino,1947,1989,42,41-45
3,Heredia,femenino,1947,1984,37,36-40
3,Heredia,femenino,1947,2005,58,56-60
3,Heredia,femenino,1947,2025,78,76-80
3,Heredia,masculino,1947,2009,62,61-65
3,Heredia,masculino,1948,1980,32,31-35
3,Heredia,femenino,1948,2013,65,61-65
3,Heredia,masculino,1948,2014,66,66-70
3,Heredia,femenino,1948,2014,66,66-70
3,Heredia,masculino,1948,2001,53,51-55
3,Heredia,femenino,1949,2014,65,61-65
3,Heredia,masculino,1949,1992,43,41-45
3,Heredia,masculino,1949,1989,40,36-40
3,Heredia,femenino,1949,2013,64,61-65
3,Heredia,masculino,1949,2024,75,71-75
3,Heredia,masculino,1950,2005,55,51-55
3,Heredia,masculino,1950,1970,20,16-20
3,Heredia,masculino,1951,2020,69,66-70
3,Heredia,femenino,1951,1981,30,26-30
3,Heredia,masculino,1952,2014,62,61-65
3,Heredia,femenino,1952,2014,62,61-65
3,Heredia,femenino,1953,2017,64,61-65
3,Heredia,femenino,1954,2022,68,66-70
3,Heredia,masculino,1954,2010,56,56-60
3,Heredia,masculino,1954,2006,52,51-55
3,Heredia,masculino,1954,2022,68,66-70
3,Heredia,masculino,1955,2022,67,66-70
3,Heredia,femenino,1955,2010,55,51-55
3,Heredia,masculino,1956,1978,22,21-25
3,Heredia,masculino,1956,2024,68,66-70
3,Heredia,femenino,1957,2008,51,51-55
3,Heredia,femenino,1957,2019,62,61-65
3,Heredia,masculino,1957,2023,66,66-70
3,Heredia,femenino,1957,2016,59,56-60
3,Heredia,masculino,1959,2008,49,46-50
3,Heredia,masculino,1959,1996,37,36-40
3,Heredia,masculino,1959,2020,61,61-65
3,Heredia,masculino,1959,2025,66,66-70
3,Heredia,masculino,1961,2023,62,61-65
3,Heredia,masculino,1961,2004,43,41-45
3,Heredia,femenino,1964,2017,53,51-55
3,Heredia,femenino,1965,2018,53,51-55
3,Heredia,masculino,1965,2008,43,41-45
3,Heredia,masculino,1966,2005,39,36-40
3,Heredia,femenino,1966,2012,46,46-50
3,Heredia,masculino,1966,2021,55,51-55
3,Heredia,masculino,1966,2000,34,31-35
3,Heredia,femenino,1967,2008,41,41-45
3,Heredia,femenino,1968,2008,40,36-40
3,Heredia,masculino,1971,2024,53,51-55
3,Heredia,masculino,1973,2023,50,46-50
3,Heredia,femenino,1976,2012,36,36-40
3,Heredia,femenino,1976,2014,38,36-40
3,Heredia,femenino,1977,2017,40,36-40
3,Heredia,masculino,1980,2022,42,41-45
3,Heredia,masculino,1985,2012,27,26-30
3,Heredia,femenino,1986,2004,18,16-20
3,Heredia,masculino,1987,2008,21,21-25
3,Heredia,masculino,1987,2002,15,11-15
3,Heredia,masculino,1988,1999,11,11-15
3,Heredia,masculino,1988,2020,32,31-35
3,Heredia,masculino,1993,2021,28,26-30
3,Heredia,femenino,1994,2019,25,21-25
3,Heredia,femenino,1999,2004,5,02-05
3,Heredia,femenino,2001,2022,21,21-25
3,Heredia,masculino,2001,2011,10,06-10
1,Heredia,femenino,1894,1992,98,96+
1,Heredia,masculino,1897,1969,72,71-75
1,Heredia,masculino,1900,1998,98,96+
1,Heredia,femenino,1902,2003,101,96+
1,Heredia,masculino,1905,1994,89,86-90
1,Heredia,femenino,1906,1997,91,91-95
1,Heredia,masculino,1906,1999,93,91-95
1,Heredia,femenino,1907,1983,76,76-80
1,Heredia,femenino,1910,1993,83,81-85
1,Heredia,femenino,1910,2003,93,91-95
1,Heredia,masculino,1912,1996,84,81-85
1,Heredia,masculino,1912,2013,101,96+
1,Heredia,masculino,1912,2011,99,96+
1,Heredia,masculino,1913,1962,49,46-50
1,Heredia,femenino,1913,1948,35,31-35
1,Heredia,masculino,1913,1997,84,81-85
1,Heredia,masculino,1915,1992,77,76-80
1,Heredia,masculino,1915,2000,85,81-85
1,Heredia,femenino,1917,1999,82,81-85
1,Heredia,femenino,1917,2001,84,81-85
1,Heredia,masculino,1917,2011,94,91-95
1,Heredia,masculino,1918,1997,79,76-80
1,Heredia,femenino,1919,1961,42,41-45
1,Heredia,masculino,1920,2017,97,96+
1,Heredia,femenino,1920,2010,90,86-90
1,Heredia,femenino,1920,2008,88,86-90
1,Heredia,femenino,1921,2020,99,96+
1,Heredia,masculino,1921,2000,79,76-80
1,Heredia,femenino,1921,2015,94,91-95
1,Heredia,femenino,1921,2013,92,91-95
1,Heredia,femenino,1923,2021,98,96+
1,Heredia,femenino,1923,1989,66,66-70
1,Heredia,masculino,1923,2007,84,81-85
1,Heredia,masculino,1924,2014,90,86-90
1,Heredia,femenino,1924,2014,90,86-90
1,Heredia,femenino,1924,1998,74,71-75
1,Heredia,femenino,1924,2008,84,81-85
1,Heredia,masculino,1924,1993,69,66-70
1,Heredia,femenino,1924,2006,82,81-85
1,Heredia,femenino,1925,2009,84,81-85
1,Heredia,masculino,1925,2005,80,76-80
1,Heredia,femenino,1925,2012,87,86-90
1,Heredia,masculino,1926,2001,75,71-75
1,Heredia,femenino,1926,2010,84,81-85
1,Heredia,femenino,1926,2016,90,86-90
1,Heredia,masculino,1926,2012,86,86-90
1,Heredia,masculino,1926,1998,72,71-75
1,Heredia,masculino,1926,2002,76,76-80
1,Heredia,femenino,1927,2011,84,81-85
1,Heredia,masculino,1927,1996,69,66-70
1,Heredia,femenino,1928,2006,78,76-80
1,Heredia,femenino,1928,2017,89,86-90
1,Heredia,masculino,1928,2016,88,86-90
1,Heredia,masculino,1928,2013,85,81-85
1,Heredia,masculino,1928,2013,85,81-85
1,Heredia,masculino,1928,1998,70,66-70
1,Heredia,femenino,1928,2009,81,81-85
1,Heredia,masculino,1929,2016,87,86-90
1,Heredia,masculino,1929,2025,96,96+
1,Heredia,femenino,1929,1995,66,66-70
1,Heredia,masculino,1929,2006,77,76-80
1,Heredia,masculino,1930,1999,69,66-70
1,Heredia,femenino,1931,2025,94,91-95
1,Heredia,femenino,1931,2006,75,71-75
1,Heredia,femenino,1931,2009,78,76-80
1,Heredia,masculino,1931,2009,78,76-80
1,Heredia,femenino,1931,2000,69,66-70
1,Heredia,masculino,1931,2002,71,71-75
1,Heredia,femenino,1932,2022,90,86-90
1,Heredia,femenino,1932,2005,73,71-75
1,Heredia,masculino,1932,1997,65,61-65
1,Heredia,femenino,1933,2024,91,91-95
1,Heredia,femenino,1933,2010,77,76-80
1,Heredia,masculino,1933,2021,88,86-90
1,Heredia,femenino,1933,1998,65,61-65
1,Heredia,femenino,1933,2024,91,91-95
1,Heredia,masculino,1934,1997,63,61-65
1,Heredia,masculino,1934,2007,73,71-75
1,Heredia,femenino,1935,2017,82,81-85
1,Heredia,femenino,1935,2024,89,86-90
1,Heredia,femenino,1935,2023,88,86-90
1,Heredia,femenino,1935,2025,90,86-90
1,Heredia,masculino,1935,2001,66,66-70
1,Heredia,masculino,1936,2014,78,76-80
1,Heredia,masculino,1936,2016,80,76-80
1,Heredia,masculino,1937,1997,60,56-60
1,Heredia,masculino,1937,2013,76,76-80
1,Heredia,femenino,1937,2024,87,86-90
1,Heredia,masculino,1938,2021,83,81-85
1,Heredia,femenino,1938,2010,72,71-75
1,Heredia,femenino,1939,1998,59,56-60
1,Heredia,femenino,1939,2021,82,81-85
1,Heredia,femenino,1939,2021,82,81-85
1,Heredia,femenino,1939,2010,71,71-75
1,Heredia,masculino,1940,1998,58,56-60
1,Heredia,femenino,1940,2022,82,81-85
1,Heredia,femenino,1940,2024,84,81-85
1,Heredia,femenino,1940,2019,79,76-80
1,Heredia,femenino,1940,2024,84,81-85
1,Heredia,masculino,1941,2012,71,71-75
1,Heredia,femenino,1941,2006,65,61-65
1,Heredia,femenino,1941,2001,60,56-60
1,Heredia,masculino,1941,2010,69,66-70
1,Heredia,femenino,1942,2022,80,76-80
1,Heredia,femenino,1943,2023,80,76-80
1,Heredia,femenino,1943,2022,79,76-80
1,Heredia,masculino,1943,2025,82,81-85
1,Heredia,femenino,1943,2020,77,76-80
1,Heredia,masculino,1943,2025,82,81-85
1,Heredia,masculino,1943,2007,64,61-65
1,Heredia,masculino,1943,2025,82,81-85
1,Heredia,masculino,1944,2010,66,66-70
1,Heredia,masculino,1944,2020,76,76-80
1,Heredia,masculino,1944,2022,78,76-80
1,Heredia,masculino,1944,2024,80,76-80
1,Heredia,femenino,1944,2025,81,81-85
1,Heredia,femenino,1945,2020,75,71-75
1,Heredia,femenino,1945,2024,79,76-80
1,Heredia,masculino,1945,2025,80,76-80
1,Heredia,femenino,1946,2024,78,76-80
1,Heredia,masculino,1946,1991,45,41-45
1,Heredia,femenino,1946,2024,78,76-80
1,Heredia,femenino,1946,2018,72,71-75
1,Heredia,femenino,1946,2023,77,76-80
1,Heredia,femenino,1946,2022,76,76-80
1,Heredia,femenino,1947,2022,75,71-75
1,Heredia,masculino,1948,1993,45,41-45
1,Heredia,femenino,1948,2013,65,61-65
1,Heredia,femenino,1948,2023,75,71-75
1,Heredia,femenino,1948,2017,69,66-70
1,Heredia,masculino,1948,2011,63,61-65
1,Heredia,femenino,1949,2016,67,66-70
1,Heredia,femenino,1949,2022,73,71-75
1,Heredia,femenino,1949,2015,66,66-70
1,Heredia,masculino,1949,2014,65,61-65
1,Heredia,masculino,1949,2024,75,71-75
1,Heredia,masculino,1949,2001,52,51-55
1,Heredia,femenino,1950,2019,69,66-70
1,Heredia,femenino,1950,2022,72,71-75
1,Heredia,femenino,1950,2023,73,71-75
1,Heredia,masculino,1951,2010,59,56-60
1,Heredia,femenino,1951,2007,56,56-60
1,Heredia,masculino,1951,2013,62,61-65
1,Heredia,femenino,1951,2021,70,66-70
1,Heredia,femenino,1951,2022,71,71-75
1,Heredia,femenino,1952,2012,60,56-60
1,Heredia,masculino,1953,2025,72,71-75
1,Heredia,masculino,1953,2023,70,66-70
1,Heredia,femenino,1953,2021,68,66-70
1,Heredia,masculino,1953,2022,69,66-70
1,Heredia,masculino,1954,1996,42,41-45
1,Heredia,masculino,1954,2021,67,66-70
1,Heredia,masculino,1954,2024,70,66-70
1,Heredia,masculino,1954,2020,66,66-70
1,Heredia,femenino,1954,2025,71,71-75
1,Heredia,femenino,1954,2023,69,66-70
1,Heredia,masculino,1955,2024,69,66-70
1,Heredia,masculino,1955,2017,62,61-65
1,Heredia,femenino,1955,2023,68,66-70
1,Heredia,femenino,1955,2022,67,66-70
1,Heredia,masculino,1955,2023,68,66-70
1,Heredia,femenino,1955,2023,68,66-70
1,Heredia,femenino,1955,2024,69,66-70
1,Heredia,masculino,1956,1989,33,31-35
1,Heredia,masculino,1956,2020,64,61-65
1,Heredia,femenino,1956,2024,68,66-70
1,Heredia,masculino,1957,2013,56,56-60
1,Heredia,masculino,1957,2022,65,61-65
1,Heredia,masculino,1957,1989,32,31-35
1,Heredia,femenino,1957,2022,65,61-65
1,Heredia,femenino,1958,2024,66,66-70
1,Heredia,masculino,1958,2022,64,61-65
1,Heredia,masculino,1958,1997,39,36-40
1,Heredia,femenino,1959,2022,63,61-65
1,Heredia,masculino,1959,2023,64,61-65
1,Heredia,masculino,1959,2023,64,61-65
1,Heredia,femenino,1959,2007,48,46-50
1,Heredia,masculino,1959,2001,42,41-45
1,Heredia,masculino,1959,2022,63,61-65
1,Heredia,femenino,1960,2012,52,51-55
1,Heredia,femenino,1960,2000,40,36-40
1,Heredia,masculino,1960,2022,62,61-65
1,Heredia,femenino,1960,2024,64,61-65
1,Heredia,masculino,1960,1998,38,36-40
1,Heredia,masculino,1960,2021,61,61-65
1,Heredia,masculino,1961,2009,48,46-50
1,Heredia,femenino,1961,2022,61,61-65
1,Heredia,masculino,1962,2025,63,61-65
1,Heredia,femenino,1962,2013,51,51-55
1,Heredia,masculino,1962,2013,51,51-55
1,Heredia,femenino,1962,2021,59,56-60
1,Heredia,femenino,1962,1997,35,31-35
1,Heredia,masculino,1963,2024,61,61-65
1,Heredia,masculino,1963,1996,33,31-35
1,Heredia,masculino,1963,2022,59,56-60
1,Heredia,femenino,1963,2016,53,51-55
1,Heredia,femenino,1964,2022,58,56-60
1,Heredia,masculino,1965,1997,32,31-35
1,Heredia,femenino,1965,2022,57,56-60
1,Heredia,femenino,1966,2008,42,41-45
1,Heredia,masculino,1966,2021,55,51-55
1,Heredia,masculino,1966,2023,57,56-60
1,Heredia,masculino,1967,2005,38,36-40
1,Heredia,masculino,1969,2017,48,46-50
1,Heredia,masculino,1969,2024,55,51-55
1,Heredia,masculino,1970,2015,45,41-45
1,Heredia,masculino,1970,2023,53,51-55
1,Heredia,masculino,1970,2024,54,51-55
1,Heredia,femenino,1970,2021,51,51-55
1,Heredia,masculino,1971,2025,54,51-55
1,Heredia,masculino,1971,2025,54,51-55
1,Heredia,masculino,1972,2023,51,51-55
1,Heredia,masculino,1972,2020,48,46-50
1,Heredia,femenino,1973,2023,50,46-50
1,Heredia,femenino,1973,2011,38,36-40
1,Heredia,femenino,1973,2021,48,46-50
1,Heredia,masculino,1974,2022,48,46-50
1,Heredia,masculino,1974,2002,28,26-30
1,Heredia,femenino,1976,2022,46,46-50
1,Heredia,femenino,1976,2022,46,46-50
1,Heredia,masculino,1977,1993,16,16-20
1,Heredia,masculino,1977,2024,47,46-50
1,Heredia,masculino,1977,2021,44,41-45
1,Heredia,masculino,1977,1994,17,16-20
1,Heredia,masculino,1977,2023,46,46-50
1,Heredia,masculino,1977,2024,47,46-50
1,Heredia,femenino,1977,2024,47,46-50
1,Heredia,femenino,1978,2024,46,46-50
1,Heredia,masculino,1979,2022,43,41-45
1,Heredia,masculino,1980,2023,43,41-45
1,Heredia,femenino,1981,2023,42,41-45
1,Heredia,masculino,1981,2022,41,41-45
1,Heredia,masculino,1982,2015,33,31-35
1,Heredia,femenino,1982,2024,42,41-45
1,Heredia,femenino,1983,2021,38,36-40
1,Heredia,masculino,1983,2024,41,41-45
1,Heredia,masculino,1983,2021,38,36-40
1,Heredia,masculino,1984,2022,38,36-40
1,Heredia,masculino,1985,2021,36,36-40
1,Heredia,femenino,1985,2023,38,36-40
1,Heredia,masculino,1985,2010,25,21-25
1,Heredia,femenino,1986,2002,16,16-20
1,Heredia,masculino,1986,1991,5,02-05
1,Heredia,masculino,1986,2021,35,31-35
1,Heredia,femenino,1986,2019,33,31-35
1,Heredia,femenino,1987,2005,18,16-20
1,Heredia,femenino,1987,2023,36,36-40
1,Heredia,masculino,1988,2021,33,31-35
1,Heredia,masculino,1988,2022,34,31-35
1,Heredia,masculino,1988,2022,34,31-35
1,Heredia,masculino,1988,2022,34,31-35
1,Heredia,masculino,1989,2022,33,31-35
1,Heredia,masculino,1989,2011,22,21-25
1,Heredia,femenino,1989,2025,36,36-40
1,Heredia,masculino,1990,2022,32,31-35
1,Heredia,masculino,1923,1993,70,66-70
1,Heredia,masculino,1994,2025,31,31-35
1,Heredia,masculino,1994,2024,30,26-30
1,Heredia,masculino,1995,2023,28,26-30
1,Heredia,femenino,1995,2009,14,11-15
1,Heredia,masculino,1995,1995,0,0-01
1,Heredia,masculino,1998,2021,23,21-25
1,Heredia,femenino,1999,2010,11,11-15
1,Heredia,masculino,1999,2024,25,21-25
1,Heredia,femenino,2000,2020,20,16-20
1,Heredia,masculino,2001,2024,23,21-25
1,Heredia,masculino,2003,2023,20,16-20
1,Heredia,masculino,2003,2012,9,06-10
1,Heredia,femenino,2004,2024,20,16-20
1,Heredia,masculino,2006,2025,19,16-20
1,Heredia,masculino,2009,2009,0,0-01
1,Heredia,femenino,2009,2022,13,11-15
1,Heredia,femenino,2010,2020,10,06-10
1,Heredia,femenino,2012,2012,0,0-01
1,Heredia,masculino,2019,2020,1,0-01
1,Heredia,masculino,2020,2021,1,0-01
1,Heredia,masculino,2022,2023,1,0-01
1,Heredia,femenino,2023,2023,0,0-01
1,Heredia,masculino,2024,2024,0,0-01
1,Heredia,masculino,2024,2024,0,0-01
1,Heredia,femenino,2024,2024,0,0-01
1,Heredia,masculino,2025,2025,0,0-01
4,Heredia,masculino,1957,1982,25,21-25
4,Heredia,masculino,1878,1934,56,56-60
4,Heredia,femenino,1879,1934,55,51-55
4,Heredia,masculino,1879,1956,77,76-80
4,Heredia,femenino,1879,1963,84,81-85
4,Heredia,masculino,1880,1970,90,86-90
4,Heredia,femenino,1883,1977,94,91-95
4,Heredia,femenino,1892,1956,64,61-65
4,Heredia,masculino,1893,1975,82,81-85
4,Heredia,masculino,1893,1975,82,81-85
4,Heredia,femenino,1893,1978,85,81-85
4,Heredia,masculino,1894,1978,84,81-85
4,Heredia,femenino,1895,1985,90,86-90
4,Heredia,masculino,1896,1954,58,56-60
4,Heredia,femenino,1900,1990,90,86-90
4,Heredia,masculino,1900,1997,97,96+
4,Heredia,femenino,1900,1966,66,66-70
4,Heredia,masculino,1900,1991,91,91-95
4,Heredia,masculino,1901,1984,83,81-85
4,Heredia,femenino,1901,1988,87,86-90
4,Heredia,femenino,1901,1999,98,96+
4,Heredia,femenino,1902,1994,92,91-95
4,Heredia,femenino,1902,1949,47,46-50
4,Heredia,masculino,1903,1983,80,76-80
4,Heredia,masculino,1903,1982,79,76-80
4,Heredia,femenino,1904,1985,81,81-85
4,Heredia,femenino,1904,2000,96,96+
4,Heredia,masculino,1904,1974,70,66-70
4,Heredia,masculino,1904,1993,89,86-90
4,Heredia,femenino,1905,1983,78,76-80
4,Heredia,masculino,1905,2001,96,96+
4,Heredia,femenino,1905,1949,44,41-45
4,Heredia,femenino,1905,1988,83,81-85
4,Heredia,femenino,1905,1989,84,81-85
4,Heredia,masculino,1906,1969,63,61-65
4,Heredia,masculino,1906,1990,84,81-85
4,Heredia,masculino,1907,1992,85,81-85
4,Heredia,femenino,1907,1996,89,86-90
4,Heredia,femenino,1907,2016,109,96+
4,Heredia,femenino,1907,2002,95,91-95
4,Heredia,femenino,1907,1978,71,71-75
4,Heredia,femenino,1908,1997,89,86-90
4,Heredia,femenino,1908,1979,71,71-75
4,Heredia,femenino,1908,2000,92,91-95
4,Heredia,masculino,1908,2009,101,96+
4,Heredia,masculino,1909,1982,73,71-75
4,Heredia,masculino,1909,1985,76,76-80
4,Heredia,femenino,1909,1989,80,76-80
4,Heredia,femenino,1909,1978,69,66-70
4,Heredia,masculino,1909,1963,54,51-55
4,Heredia,femenino,1909,1998,89,86-90
4,Heredia,masculino,1909,1994,85,81-85
4,Heredia,masculino,1909,1967,58,56-60
4,Heredia,masculino,1909,2002,93,91-95
4,Heredia,femenino,1909,1995,86,86-90
4,Heredia,masculino,1909,1963,54,51-55
4,Heredia,femenino,1909,2010,101,96+
4,Heredia,masculino,1909,2002,93,91-95
4,Heredia,masculino,1909,2002,93,91-95
4,Heredia,femenino,1909,2004,95,91-95
4,Heredia,femenino,1910,1987,77,76-80
4,Heredia,femenino,1910,2000,90,86-90
4,Heredia,femenino,1910,1996,86,86-90
4,Heredia,masculino,1910,1990,80,76-80
4,Heredia,masculino,1910,1968,58,56-60
4,Heredia,masculino,1911,2002,91,91-95
4,Heredia,masculino,1911,1975,64,61-65
4,Heredia,femenino,1911,1997,86,86-90
4,Heredia,femenino,1911,1995,84,81-85
4,Heredia,masculino,1911,1994,83,81-85
4,Heredia,femenino,1912,2001,89,86-90
4,Heredia,femenino,1912,1998,86,86-90
4,Heredia,masculino,1912,1954,42,41-45
4,Heredia,femenino,1912,2004,92,91-95
4,Heredia,femenino,1912,2001,89,86-90
4,Heredia,femenino,1912,2013,101,96+
4,Heredia,masculino,1912,1992,80,76-80
4,Heredia,femenino,1912,2005,93,91-95
4,Heredia,masculino,1913,2000,87,86-90
4,Heredia,femenino,1913,2005,92,91-95
4,Heredia,masculino,1913,1970,57,56-60
4,Heredia,femenino,1913,1997,84,81-85
4,Heredia,femenino,1914,2008,94,91-95
4,Heredia,masculino,1914,2000,86,86-90
4,Heredia,femenino,1914,2008,94,91-95
4,Heredia,femenino,1914,1999,85,81-85
4,Heredia,masculino,1914,1990,76,76-80
4,Heredia,masculino,1914,1991,77,76-80
4,Heredia,masculino,1914,1947,33,31-35
4,Heredia,masculino,1914,1928,14,11-15
4,Heredia,masculino,1914,2012,98,96+
4,Heredia,femenino,1915,2011,96,96+
4,Heredia,masculino,1915,1981,66,66-70
4,Heredia,masculino,1915,1996,81,81-85
4,Heredia,femenino,1915,1998,83,81-85
4,Heredia,masculino,1915,2011,96,96+
4,Heredia,femenino,1916,2006,90,86-90
4,Heredia,femenino,1916,2001,85,81-85
4,Heredia,femenino,1916,1997,81,81-85
4,Heredia,femenino,1916,1998,82,81-85
4,Heredia,femenino,1917,2012,95,91-95
4,Heredia,masculino,1917,2014,97,96+
4,Heredia,femenino,1917,2011,94,91-95
4,Heredia,masculino,1917,2005,88,86-90
4,Heredia,femenino,1917,1996,79,76-80
4,Heredia,femenino,1918,2002,84,81-85
4,Heredia,femenino,1918,1951,33,31-35
4,Heredia,femenino,1918,2012,94,91-95
4,Heredia,femenino,1918,2001,83,81-85
4,Heredia,femenino,1918,2002,84,81-85
4,Heredia,masculino,1918,1998,80,76-80
4,Heredia,femenino,1919,2016,97,96+
4,Heredia,femenino,1919,2004,85,81-85
4,Heredia,masculino,1919,1992,73,71-75
4,Heredia,masculino,1919,2011,92,91-95
4,Heredia,femenino,1919,2007,88,86-90
4,Heredia,femenino,1919,2007,88,86-90
4,Heredia,masculino,1920,2012,92,91-95
4,Heredia,masculino,1920,2004,84,81-85
4,Heredia,femenino,1920,2015,95,91-95
4,Heredia,masculino,1920,2005,85,81-85
4,Heredia,femenino,1920,2005,85,81-85
4,Heredia,femenino,1920,2014,94,91-95
4,Heredia,femenino,1920,2013,93,91-95
4,Heredia,femenino,1920,2005,85,81-85
4,Heredia,femenino,1920,2010,90,86-90
4,Heredia,femenino,1920,1999,79,76-80
4,Heredia,femenino,1921,2004,83,81-85
4,Heredia,femenino,1921,2012,91,91-95
4,Heredia,femenino,1921,1971,50,46-50
4,Heredia,masculino,1921,1971,50,46-50
4,Heredia,masculino,1921,2020,99,96+
4,Heredia,femenino,1922,2010,88,86-90
4,Heredia,masculino,1922,2005,83,81-85
4,Heredia,masculino,1922,2017,95,91-95
4,Heredia,masculino,1923,2007,84,81-85
4,Heredia,masculino,1923,2023,100,96+
4,Heredia,masculino,1923,1995,72,71-75
4,Heredia,masculino,1923,2016,93,91-95
4,Heredia,masculino,1923,1995,72,71-75
4,Heredia,masculino,1924,1988,64,61-65
4,Heredia,masculino,1924,2005,81,81-85
4,Heredia,femenino,1924,2009,85,81-85
4,Heredia,femenino,1924,1985,61,61-65
4,Heredia,masculino,1925,2008,83,81-85
4,Heredia,masculino,1925,2022,97,96+
4,Heredia,femenino,1925,2016,91,91-95
4,Heredia,masculino,1925,2010,85,81-85
4,Heredia,masculino,1925,2009,84,81-85
4,Heredia,masculino,1925,2013,88,86-90
4,Heredia,femenino,1925,2000,75,71-75
4,Heredia,masculino,1926,2010,84,81-85
4,Heredia,femenino,1926,2016,90,86-90
4,Heredia,masculino,1926,2009,83,81-85
4,Heredia,femenino,1926,1994,68,66-70
4,Heredia,femenino,1926,2016,90,86-90
4,Heredia,masculino,1926,1996,70,66-70
4,Heredia,femenino,1926,1989,63,61-65
4,Heredia,masculino,1926,2015,89,86-90
4,Heredia,femenino,1926,2020,94,91-95
4,Heredia,masculino,1926,1996,70,66-70
4,Heredia,femenino,1926,2005,79,76-80
4,Heredia,femenino,1926,2006,80,76-80
4,Heredia,femenino,1926,2005,79,76-80
4,Heredia,femenino,1927,2013,86,86-90
4,Heredia,masculino,1927,1996,69,66-70
4,Heredia,femenino,1927,2007,80,76-80
4,Heredia,femenino,1927,2016,89,86-90
4,Heredia,masculino,1927,1974,47,46-50
4,Heredia,femenino,1927,2019,92,91-95
4,Heredia,masculino,1927,2017,90,86-90
4,Heredia,masculino,1928,2010,82,81-85
4,Heredia,femenino,1928,1988,60,56-60
4,Heredia,masculino,1928,2011,83,81-85
4,Heredia,masculino,1928,1992,64,61-65
4,Heredia,femenino,1928,2000,72,71-75
4,Heredia,femenino,1928,2014,86,86-90
4,Heredia,femenino,1928,2017,89,86-90
4,Heredia,masculino,1928,2016,88,86-90
4,Heredia,masculino,1928,2004,76,76-80
4,Heredia,femenino,1928,2015,87,86-90
4,Heredia,masculino,1928,2005,77,76-80
4,Heredia,masculino,1928,2009,81,81-85
4,Heredia,masculino,1929,2001,72,71-75
4,Heredia,femenino,1929,1996,67,66-70
4,Heredia,femenino,1929,2015,86,86-90
4,Heredia,masculino,1929,2005,76,76-80
4,Heredia,femenino,1929,2012,83,81-85
4,Heredia,masculino,1929,2008,79,76-80
4,Heredia,masculino,1929,1997,68,66-70
4,Heredia,femenino,1929,2014,85,81-85
4,Heredia,masculino,1929,2022,93,91-95
4,Heredia,femenino,1930,2013,83,81-85
4,Heredia,masculino,1930,1984,54,51-55
4,Heredia,femenino,1930,2005,75,71-75
4,Heredia,femenino,1930,1984,54,51-55
4,Heredia,masculino,1930,2015,85,81-85
4,Heredia,femenino,1930,2024,94,91-95
4,Heredia,masculino,1931,1993,62,61-65
4,Heredia,masculino,1931,2020,89,86-90
4,Heredia,femenino,1931,2011,80,76-80
4,Heredia,masculino,1931,1999,68,66-70
4,Heredia,masculino,1931,2015,84,81-85
4,Heredia,femenino,1931,2021,90,86-90
4,Heredia,femenino,1931,2017,86,86-90
4,Heredia,masculino,1932,2010,78,76-80
4,Heredia,masculino,1932,1991,59,56-60
4,Heredia,masculino,1932,2011,79,76-80
4,Heredia,masculino,1932,1999,67,66-70
4,Heredia,masculino,1932,2010,78,76-80
4,Heredia,femenino,1932,2024,92,91-95
4,Heredia,femenino,1932,2002,70,66-70
4,Heredia,masculino,1932,2022,90,86-90
4,Heredia,femenino,1932,2002,70,66-70
4,Heredia,femenino,1933,2019,86,86-90
4,Heredia,femenino,1933,1993,60,56-60
4,Heredia,masculino,1933,2003,70,66-70
4,Heredia,masculino,1933,1998,65,61-65
4,Heredia,femenino,1933,2018,85,81-85
4,Heredia,femenino,1933,2016,83,81-85
4,Heredia,masculino,1933,2013,80,76-80
4,Heredia,femenino,1934,2024,90,86-90
4,Heredia,masculino,1934,2004,70,66-70
4,Heredia,femenino,1934,2018,84,81-85
4,Heredia,femenino,1934,1998,64,61-65
4,Heredia,masculino,1934,2018,84,81-85
4,Heredia,masculino,1935,2012,77,76-80
4,Heredia,femenino,1935,2013,78,76-80
4,Heredia,masculino,1935,2018,83,81-85
4,Heredia,masculino,1935,2021,86,86-90
4,Heredia,femenino,1935,2017,82,81-85
4,Heredia,femenino,1935,2015,80,76-80
4,Heredia,femenino,1936,2004,68,66-70
4,Heredia,femenino,1936,2018,82,81-85
4,Heredia,masculino,1936,2007,71,71-75
4,Heredia,femenino,1936,2020,84,81-85
4,Heredia,femenino,1936,2019,83,81-85
4,Heredia,femenino,1936,2014,78,76-80
4,Heredia,masculino,1937,2020,83,81-85
4,Heredia,masculino,1937,2011,74,71-75
4,Heredia,masculino,1937,2014,77,76-80
4,Heredia,masculino,1937,2020,83,81-85
4,Heredia,femenino,1937,1989,52,51-55
4,Heredia,femenino,1937,2016,79,76-80
4,Heredia,femenino,1937,2025,88,86-90
4,Heredia,femenino,1937,2020,83,81-85
4,Heredia,masculino,1938,2008,70,66-70
4,Heredia,masculino,1938,2003,65,61-65
4,Heredia,femenino,1938,2013,75,71-75
4,Heredia,femenino,1938,2019,81,81-85
4,Heredia,masculino,1938,2009,71,71-75
4,Heredia,masculino,1938,1999,61,61-65
4,Heredia,masculino,1939,2013,74,71-75
4,Heredia,masculino,1939,1987,48,46-50
4,Heredia,femenino,1939,1981,42,41-45
4,Heredia,femenino,1939,2014,75,71-75
4,Heredia,femenino,1939,1985,46,46-50
4,Heredia,femenino,1939,2016,77,76-80
4,Heredia,femenino,1939,2001,62,61-65
4,Heredia,femenino,1939,2005,66,66-70
4,Heredia,femenino,1939,1975,36,36-40
4,Heredia,femenino,1939,2020,81,81-85
4,Heredia,femenino,1940,2022,82,81-85
4,Heredia,masculino,1940,2012,72,71-75
4,Heredia,femenino,1940,2009,69,66-70
4,Heredia,femenino,1940,2025,85,81-85
4,Heredia,femenino,1940,2022,82,81-85
4,Heredia,masculino,1940,2020,80,76-80
4,Heredia,femenino,1940,1975,35,31-35
4,Heredia,masculino,1940,2007,67,66-70
4,Heredia,masculino,1940,2012,72,71-75
4,Heredia,femenino,1940,2019,79,76-80
4,Heredia,femenino,1940,2024,84,81-85
4,Heredia,masculino,1940,1999,59,56-60
4,Heredia,masculino,1941,2008,67,66-70
4,Heredia,masculino,1941,2015,74,71-75
4,Heredia,femenino,1941,1990,49,46-50
4,Heredia,masculino,1941,2018,77,76-80
4,Heredia,masculino,1941,2006,65,61-65
4,Heredia,masculino,1942,2003,61,61-65
4,Heredia,masculino,1942,2005,63,61-65
4,Heredia,masculino,1942,2011,69,66-70
4,Heredia,femenino,1942,2022,80,76-80
4,Heredia,masculino,1942,2013,71,71-75
4,Heredia,masculino,1942,1969,27,26-30
4,Heredia,femenino,1943,2013,70,66-70
4,Heredia,femenino,1943,2001,58,56-60
4,Heredia,femenino,1943,2015,72,71-75
4,Heredia,masculino,1943,1991,48,46-50
4,Heredia,masculino,1944,1992,48,46-50
4,Heredia,masculino,1944,2005,61,61-65
4,Heredia,masculino,1944,2020,76,76-80
4,Heredia,masculino,1944,2010,66,66-70
4,Heredia,masculino,1944,2007,63,61-65
4,Heredia,masculino,1944,2009,65,61-65
4,Heredia,femenino,1944,2014,70,66-70
4,Heredia,masculino,1945,2016,71,71-75
4,Heredia,masculino,1945,2018,73,71-75
4,Heredia,femenino,1945,2014,69,66-70
4,Heredia,masculino,1945,2014,69,66-70
4,Heredia,masculino,1945,2005,60,56-60
4,Heredia,masculino,1945,2012,67,66-70
4,Heredia,femenino,1946,2012,66,66-70
4,Heredia,femenino,1946,2015,69,66-70
4,Heredia,masculino,1946,2016,70,66-70
4,Heredia,femenino,1947,2006,59,56-60
4,Heredia,femenino,1947,2006,59,56-60
4,Heredia,masculino,1947,1992,45,41-45
4,Heredia,masculino,1947,1991,44,41-45
4,Heredia,masculino,1947,2005,58,56-60
4,Heredia,masculino,1948,2004,56,56-60
4,Heredia,femenino,1948,2012,64,61-65
4,Heredia,masculino,1948,2020,72,71-75
4,Heredia,masculino,1948,1984,36,36-40
4,Heredia,femenino,1948,1985,37,36-40
4,Heredia,masculino,1948,2005,57,56-60
4,Heredia,masculino,1949,1991,42,41-45
4,Heredia,masculino,1949,1955,6,06-10
4,Heredia,masculino,1949,1976,27,26-30
4,Heredia,femenino,1949,2024,75,71-75
4,Heredia,masculino,1949,2017,68,66-70
4,Heredia,masculino,1949,2017,68,66-70
4,Heredia,masculino,1950,1968,18,16-20
4,Heredia,masculino,1950,2018,68,66-70
4,Heredia,masculino,1950,2017,67,66-70
4,Heredia,masculino,1950,2001,51,51-55
4,Heredia,masculino,1950,2008,58,56-60
4,Heredia,femenino,1950,2024,74,71-75
4,Heredia,femenino,1951,2001,50,46-50
4,Heredia,femenino,1951,1995,44,41-45
4,Heredia,masculino,1952,2006,54,51-55
4,Heredia,masculino,1952,2015,63,61-65
4,Heredia,masculino,1952,2022,70,66-70
4,Heredia,femenino,1953,1998,45,41-45
4,Heredia,masculino,1953,2025,72,71-75
4,Heredia,masculino,1953,2008,55,51-55
4,Heredia,masculino,1953,2020,67,66-70
4,Heredia,masculino,1953,2002,49,46-50
4,Heredia,masculino,1953,1953,0,0-01
4,Heredia,masculino,1954,2001,47,46-50
4,Heredia,masculino,1954,2002,48,46-50
4,Heredia,masculino,1954,1997,43,41-45
4,Heredia,femenino,1954,1985,31,31-35
4,Heredia,femenino,1955,1966,11,11-15
4,Heredia,masculino,1955,2023,68,66-70
4,Heredia,femenino,1955,2021,66,66-70
4,Heredia,masculino,1956,2015,59,56-60
4,Heredia,femenino,1956,2013,57,56-60
4,Heredia,masculino,1956,2022,66,66-70
4,Heredia,femenino,1956,2010,54,51-55
4,Heredia,masculino,1956,2011,55,51-55
4,Heredia,femenino,1956,2023,67,66-70
4,Heredia,femenino,1957,1982,25,21-25
4,Heredia,femenino,1957,2019,62,61-65
4,Heredia,masculino,1957,1990,33,31-35
4,Heredia,masculino,1957,2023,66,66-70
4,Heredia,femenino,1958,1984,26,26-30
4,Heredia,femenino,1959,1995,36,36-40
4,Heredia,masculino,1959,2008,49,46-50
4,Heredia,masculino,1960,2011,51,51-55
4,Heredia,femenino,1960,2010,50,46-50
4,Heredia,femenino,1961,2018,57,56-60
4,Heredia,masculino,1961,2020,59,56-60
4,Heredia,masculino,1962,2011,49,46-50
4,Heredia,masculino,1962,2009,47,46-50
4,Heredia,femenino,1962,2016,54,51-55
4,Heredia,femenino,1962,2016,54,51-55
4,Heredia,femenino,1963,2016,53,51-55
4,Heredia,masculino,1963,2017,54,51-55
4,Heredia,femenino,1963,2022,59,56-60
4,Heredia,femenino,1964,2016,52,51-55
4,Heredia,masculino,1965,2021,56,56-60
4,Heredia,masculino,1965,1978,13,11-15
4,Heredia,femenino,1966,2016,50,46-50
4,Heredia,femenino,1966,2021,55,51-55
4,Heredia,femenino,1968,2016,48,46-50
4,Heredia,masculino,1969,2015,46,46-50
4,Heredia,masculino,1970,1987,17,16-20
4,Heredia,masculino,1970,2020,50,46-50
4,Heredia,masculino,1971,2013,42,41-45
4,Heredia,masculino,1972,2009,37,36-40
4,Heredia,femenino,1974,2000,26,26-30
4,Heredia,masculino,1976,1992,16,16-20
4,Heredia,masculino,1977,2002,25,21-25
4,Heredia,masculino,1977,2012,35,31-35
4,Heredia,masculino,1978,2004,26,26-30
4,Heredia,femenino,1978,2022,44,41-45
4,Heredia,femenino,1978,2020,42,41-45
4,Heredia,masculino,1979,2021,42,41-45
4,Heredia,femenino,1980,2022,42,41-45
4,Heredia,masculino,1981,1997,16,16-20
4,Heredia,masculino,1982,2014,32,31-35
4,Heredia,masculino,1984,2009,25,21-25
4,Heredia,masculino,1986,1986,0,0-01
4,Heredia,masculino,1988,2000,12,11-15
4,Heredia,femenino,1989,2016,27,26-30
4,Heredia,masculino,1990,2022,32,31-35
4,Heredia,femenino,1995,2013,18,16-20
4,Heredia,masculino,1999,2017,18,16-20
4,Heredia,masculino,2001,2022,21,21-25
4,Heredia,masculino,2006,2007,1,0-01
4,Heredia,masculino,2006,2006,0,0-01
4,Heredia,masculino,2006,2007,1,0-01
4,Heredia,femenino,2007,2007,0,0-01
4,Heredia,femenino,2018,2022,4,02-05
4,San José,femenino,1817,1903,86,86-90
4,San José,femenino,1826,1914,88,86-90
4,San José,masculino,1827,1906,79,76-80
4,San José,femenino,1848,1934,86,86-90
4,San José,masculino,1850,1938,88,86-90
4,San José,masculino,1857,1914,57,56-60
4,San José,masculino,1858,1908,50,46-50
4,San José,masculino,1859,1940,81,81-85
4,San José,masculino,1865,1939,74,71-75
4,San José,masculino,1866,1899,33,31-35
4,San José,masculino,1867,1929,62,61-65
4,San José,femenino,1869,1941,72,71-75
4,San José,femenino,1869,1947,78,76-80
4,San José,femenino,1872,1938,66,66-70
4,San José,masculino,1873,1933,60,56-60
4,San José,masculino,1877,1948,71,71-75
4,San José,femenino,1879,1963,84,81-85
4,San José,femenino,1880,1951,71,71-75
4,San José,masculino,1884,1965,81,81-85
4,San José,femenino,1887,1972,85,81-85
4,San José,masculino,1887,1924,37,36-40
4,San José,femenino,1888,1955,67,66-70
4,San José,femenino,1888,1985,97,96+
4,San José,masculino,1890,1966,76,76-80
4,San José,masculino,1891,1966,75,71-75
4,San José,femenino,1893,1979,86,86-90
4,San José,femenino,1893,1909,16,16-20
4,San José,femenino,1894,1980,86,86-90
4,San José,masculino,1894,1971,77,76-80
3,San José,femenino,1942,1986,44,41-45
4,San José,masculino,1895,1939,44,41-45
4,San José,masculino,1895,1973,78,76-80
3,San José,masculino,1863,1947,84,81-85
3,San José,femenino,1870,1948,78,76-80
3,San José,femenino,1881,1982,101,96+
3,San José,masculino,1872,1948,76,76-80
3,San José,masculino,1874,1974,100,96+
3,San José,masculino,1879,1930,51,51-55
3,San José,masculino,1879,1955,76,76-80
3,San José,masculino,1882,1967,85,81-85
3,San José,masculino,1883,1977,94,91-95
3,San José,masculino,1883,1955,72,71-75
3,San José,femenino,1884,1970,86,86-90
3,San José,femenino,1884,1977,93,91-95
3,San José,masculino,1884,1940,56,56-60
3,San José,masculino,1884,1968,84,81-85
3,San José,femenino,1885,1960,75,71-75
3,San José,masculino,1885,1957,72,71-75
3,San José,masculino,1886,1958,72,71-75
3,San José,femenino,1886,1940,54,51-55
3,San José,masculino,1886,1964,78,76-80
3,San José,masculino,1887,1978,91,91-95
3,San José,masculino,1887,1955,68,66-70
3,San José,masculino,1887,1962,75,71-75
3,San José,femenino,1888,1968,80,76-80
3,San José,femenino,1889,1969,80,76-80
3,San José,femenino,1890,1988,98,96+
3,San José,femenino,1890,1956,66,66-70
3,San José,femenino,1890,1982,92,91-95
3,San José,femenino,1890,1945,55,51-55
3,San José,femenino,1891,1956,65,61-65
3,San José,masculino,1892,1988,96,96+
3,San José,femenino,1892,1967,75,71-75
3,San José,masculino,1892,1986,94,91-95
3,San José,masculino,1892,1978,86,86-90
3,San José,masculino,1894,1979,85,81-85
3,San José,femenino,1895,1966,71,71-75
3,San José,femenino,1895,1981,86,86-90
3,San José,femenino,1896,1976,80,76-80
3,San José,femenino,1897,1982,85,81-85
3,San José,femenino,1897,1991,94,91-95
3,San José,masculino,1897,1981,84,81-85
3,San José,masculino,1898,1980,82,81-85
4,San José,masculino,1898,1969,71,71-75
3,San José,femenino,1898,1980,82,81-85
4,San José,masculino,1898,1979,81,81-85
3,San José,femenino,1898,1988,90,86-90
3,San José,femenino,1898,1972,74,71-75
4,San José,femenino,1898,1986,88,86-90
3,San José,masculino,1899,1966,67,66-70
4,San José,masculino,1898,1978,80,76-80
3,San José,masculino,1900,1965,65,61-65
4,San José,masculino,1898,1974,76,76-80
3,San José,femenino,1901,1966,65,61-65
4,San José,masculino,1898,1974,76,76-80
3,San José,masculino,1901,1988,87,86-90
4,San José,masculino,1899,1932,33,31-35
3,San José,femenino,1901,1980,79,76-80
4,San José,femenino,1899,1968,69,66-70
3,San José,masculino,1902,1948,46,46-50
4,San José,femenino,1900,1955,55,51-55
3,San José,masculino,1903,1965,62,61-65
4,San José,masculino,1900,1938,38,36-40
3,San José,femenino,1903,1993,90,86-90
4,San José,masculino,1900,1989,89,86-90
3,San José,masculino,1905,1969,64,61-65
4,San José,masculino,1901,1930,29,26-30
3,San José,femenino,1906,1961,55,51-55
4,San José,masculino,1901,1954,53,51-55
3,San José,femenino,1907,2002,95,91-95
4,San José,masculino,1901,1947,46,46-50
2,San José,masculino,1845,1919,74,71-75
4,San José,masculino,1901,1973,72,71-75
3,San José,masculino,1907,1969,62,61-65
4,San José,masculino,1902,1971,69,66-70
3,San José,femenino,1907,1976,69,66-70
4,San José,femenino,1902,1976,74,71-75
3,San José,masculino,1908,1994,86,86-90
4,San José,masculino,1902,1959,57,56-60
3,San José,masculino,1908,1995,87,86-90
4,San José,femenino,1903,1976,73,71-75
3,San José,masculino,1909,1987,78,76-80
4,San José,masculino,1903,1980,77,76-80
4,San José,masculino,1903,1974,71,71-75
4,San José,femenino,1904,1972,68,66-70
4,San José,femenino,1905,2004,99,96+
4,San José,masculino,1905,1962,57,56-60
4,San José,masculino,1905,1973,68,66-70
4,San José,femenino,1905,2003,98,96+
4,San José,masculino,1905,1989,84,81-85
4,San José,masculino,1906,1976,70,66-70
4,San José,masculino,1906,1976,70,66-70
4,San José,masculino,1906,1952,46,46-50
4,San José,masculino,1906,1973,67,66-70
4,San José,femenino,1907,1994,87,86-90
4,San José,masculino,1907,1995,88,86-90
3,San José,masculino,1909,1976,67,66-70
4,San José,femenino,1907,1952,45,41-45
3,San José,masculino,1909,1996,87,86-90
4,San José,masculino,1907,1981,74,71-75
3,San José,masculino,1910,1987,77,76-80
4,San José,masculino,1907,1994,87,86-90
3,San José,femenino,1910,1996,86,86-90
4,San José,masculino,1907,1994,87,86-90
3,San José,femenino,1911,1977,66,66-70
4,San José,femenino,1907,1987,80,76-80
3,San José,femenino,1911,1985,74,71-75
4,San José,femenino,1908,1998,90,86-90
3,San José,masculino,1911,1956,45,41-45
4,San José,femenino,1908,1994,86,86-90
3,San José,femenino,1911,2001,90,86-90
4,San José,femenino,1908,1978,70,66-70
3,San José,femenino,1912,2007,95,91-95
4,San José,femenino,1908,1995,87,86-90
3,San José,femenino,1912,1977,65,61-65
4,San José,femenino,1908,1986,78,76-80
3,San José,masculino,1912,1999,87,86-90
3,San José,femenino,1912,1997,85,81-85
4,San José,masculino,1908,1969,61,61-65
3,San José,femenino,1913,2006,93,91-95
4,San José,masculino,1908,1991,83,81-85
3,San José,femenino,1913,2003,90,86-90
4,San José,masculino,1909,1967,58,56-60
3,San José,masculino,1913,2004,91,91-95
4,San José,masculino,1909,1989,80,76-80
3,San José,femenino,1913,2005,92,91-95
4,San José,femenino,1909,2003,94,91-95
3,San José,femenino,1913,1980,67,66-70
4,San José,femenino,1909,1935,26,26-30
3,San José,femenino,1914,1997,83,81-85
4,San José,masculino,1909,1973,64,61-65
3,San José,masculino,1914,2000,86,86-90
4,San José,masculino,1910,1997,87,86-90
3,San José,masculino,1914,1993,79,76-80
4,San José,masculino,1910,1982,72,71-75
3,San José,masculino,1914,1995,81,81-85
4,San José,femenino,1910,1980,70,66-70
3,San José,femenino,1915,2015,100,96+
4,San José,femenino,1910,2000,90,86-90
3,San José,femenino,1915,1979,64,61-65
4,San José,femenino,1911,2001,90,86-90
3,San José,femenino,1915,1992,77,76-80
3,San José,femenino,1915,2015,100,96+
4,San José,masculino,1911,1994,83,81-85
3,San José,femenino,1916,2012,96,96+
4,San José,femenino,1911,1986,75,71-75
3,San José,masculino,1916,1975,59,56-60
4,San José,femenino,1912,1995,83,81-85
3,San José,masculino,1916,2003,87,86-90
4,San José,femenino,1912,1986,74,71-75
3,San José,masculino,1917,1982,65,61-65
4,San José,femenino,1913,1989,76,76-80
3,San José,femenino,1917,2006,89,86-90
4,San José,femenino,1913,2008,95,91-95
3,San José,femenino,1917,2011,94,91-95
4,San José,femenino,1913,2002,89,86-90
3,San José,femenino,1917,1984,67,66-70
4,San José,masculino,1913,2005,92,91-95
3,San José,femenino,1918,2013,95,91-95
4,San José,femenino,1914,2003,89,86-90
3,San José,femenino,1918,2008,90,86-90
4,San José,femenino,1914,1984,70,66-70
3,San José,masculino,1918,1977,59,56-60
4,San José,masculino,1914,2002,88,86-90
3,San José,femenino,1919,1951,32,31-35
3,San José,masculino,1919,1996,77,76-80
4,San José,femenino,1914,1991,77,76-80
3,San José,masculino,1919,1998,79,76-80
4,San José,femenino,1914,1996,82,81-85
3,San José,femenino,1919,1997,78,76-80
4,San José,femenino,1915,1991,76,76-80
3,San José,femenino,1920,2002,82,81-85
4,San José,masculino,1915,2006,91,91-95
3,San José,masculino,1920,2008,88,86-90
4,San José,femenino,1915,1992,77,76-80
3,San José,masculino,1921,2023,102,96+
4,San José,masculino,1916,2004,88,86-90
3,San José,masculino,1921,1966,45,41-45
4,San José,femenino,1916,2011,95,91-95
3,San José,masculino,1921,2004,83,81-85
4,San José,masculino,1916,1984,68,66-70
3,San José,femenino,1922,1963,41,41-45
4,San José,femenino,1916,1964,48,46-50
3,San José,femenino,1922,2008,86,86-90
4,San José,femenino,1916,1981,65,61-65
3,San José,femenino,1922,2013,91,91-95
3,San José,femenino,1923,2013,90,86-90
4,San José,femenino,1916,1998,82,81-85
3,San José,femenino,1923,2002,79,76-80
4,San José,masculino,1917,2012,95,91-95
3,San José,masculino,1923,2002,79,76-80
4,San José,masculino,1917,2006,89,86-90
3,San José,masculino,1923,2019,96,96+
4,San José,femenino,1917,2005,88,86-90
3,San José,masculino,1923,2004,81,81-85
4,San José,femenino,1918,1965,47,46-50
3,San José,femenino,1923,2018,95,91-95
4,San José,femenino,1918,2014,96,96+
3,San José,femenino,1924,1969,45,41-45
4,San José,masculino,1919,1989,70,66-70
3,San José,masculino,1924,1963,39,36-40
4,San José,masculino,1919,2005,86,86-90
3,San José,masculino,1924,1992,68,66-70
4,San José,masculino,1919,1996,77,76-80
3,San José,masculino,1924,2011,87,86-90
3,San José,masculino,1924,2010,86,86-90
4,San José,masculino,1920,2012,92,91-95
3,San José,masculino,1924,1993,69,66-70
4,San José,femenino,1920,1986,66,66-70
3,San José,femenino,1925,2004,79,76-80
4,San José,masculino,1920,2007,87,86-90
3,San José,femenino,1925,2013,88,86-90
4,San José,masculino,1920,1948,28,26-30
3,San José,masculino,1925,2006,81,81-85
4,San José,femenino,1920,1974,54,51-55
3,San José,masculino,1926,2013,87,86-90
4,San José,masculino,1920,2008,88,86-90
3,San José,masculino,1926,2018,92,91-95
4,San José,femenino,1920,2006,86,86-90
3,San José,femenino,1926,2014,88,86-90
4,San José,femenino,1921,2019,98,96+
3,San José,femenino,1927,1991,64,61-65
4,San José,masculino,1921,1999,78,76-80
3,San José,masculino,1927,2010,83,81-85
4,San José,masculino,1921,1950,29,26-30
3,San José,femenino,1927,2014,87,86-90
4,San José,masculino,1921,1995,74,71-75
3,San José,masculino,1927,2011,84,81-85
3,San José,femenino,1928,2001,73,71-75
4,San José,masculino,1921,2013,92,91-95
3,San José,masculino,1928,2017,89,86-90
4,San José,femenino,1921,1999,78,76-80
3,San José,femenino,1928,2002,74,71-75
4,San José,masculino,1922,2007,85,81-85
3,San José,masculino,1929,2021,92,91-95
4,San José,masculino,1922,2002,80,76-80
3,San José,femenino,1929,2013,84,81-85
4,San José,femenino,1923,1998,75,71-75
3,San José,femenino,1930,2023,93,91-95
4,San José,femenino,1923,2019,96,96+
3,San José,masculino,1930,2011,81,81-85
4,San José,femenino,1924,2002,78,76-80
3,San José,masculino,1930,2013,83,81-85
4,San José,femenino,1924,2008,84,81-85
3,San José,femenino,1930,2018,88,86-90
4,San José,femenino,1924,2013,89,86-90
3,San José,femenino,1931,2018,87,86-90
3,San José,masculino,1931,2012,81,81-85
4,San José,femenino,1924,2010,86,86-90
3,San José,masculino,1931,1996,65,61-65
4,San José,femenino,1925,1989,64,61-65
3,San José,masculino,1931,1999,68,66-70
4,San José,femenino,1925,1995,70,66-70
3,San José,masculino,1932,2018,86,86-90
4,San José,masculino,1925,1991,66,66-70
3,San José,masculino,1932,1984,52,51-55
4,San José,femenino,1926,2020,94,91-95
3,San José,femenino,1932,2003,71,71-75
4,San José,femenino,1926,2022,96,96+
3,San José,masculino,1932,1971,39,36-40
4,San José,femenino,1926,2011,85,81-85
3,San José,femenino,1932,2006,74,71-75
4,San José,masculino,1927,1991,64,61-65
3,San José,femenino,1932,2017,85,81-85
4,San José,femenino,1927,2020,93,91-95
3,San José,femenino,1932,1996,64,61-65
4,San José,masculino,1927,2011,84,81-85
3,San José,masculino,1932,2005,73,71-75
3,San José,masculino,1933,2014,81,81-85
4,San José,femenino,1928,1980,52,51-55
3,San José,masculino,1933,1962,29,26-30
4,San José,masculino,1928,2003,75,71-75
3,San José,femenino,1933,2014,81,81-85
4,San José,femenino,1928,2019,91,91-95
3,San José,femenino,1933,2023,90,86-90
4,San José,masculino,1928,2019,91,91-95
3,San José,masculino,1933,1991,58,56-60
4,San José,femenino,1928,2014,86,86-90
3,San José,femenino,1934,1968,34,31-35
4,San José,femenino,1928,2012,84,81-85
3,San José,masculino,1934,2009,75,71-75
4,San José,masculino,1928,2019,91,91-95
3,San José,femenino,1934,2016,82,81-85
4,San José,femenino,1929,2018,89,86-90
3,San José,femenino,1934,2023,89,86-90
4,San José,femenino,1929,2018,89,86-90
3,San José,femenino,1935,2005,70,66-70
4,San José,masculino,1929,1983,54,51-55
3,San José,femenino,1935,2019,84,81-85
3,San José,masculino,1935,2012,77,76-80
4,San José,femenino,1930,2002,72,71-75
3,San José,femenino,1935,2016,81,81-85
4,San José,masculino,1930,2020,90,86-90
3,San José,masculino,1935,2013,78,76-80
4,San José,masculino,1930,2007,77,76-80
3,San José,masculino,1936,1995,59,56-60
4,San José,femenino,1930,2019,89,86-90
3,San José,masculino,1936,2020,84,81-85
4,San José,femenino,1930,1994,64,61-65
3,San José,masculino,1937,2020,83,81-85
4,San José,masculino,1931,1995,64,61-65
3,San José,femenino,1937,1984,47,46-50
4,San José,femenino,1931,2015,84,81-85
3,San José,femenino,1937,2010,73,71-75
4,San José,femenino,1932,2019,87,86-90
3,San José,femenino,1939,2018,79,76-80
4,San José,femenino,1932,2018,86,86-90
3,San José,masculino,1939,2018,79,76-80
4,San José,masculino,1933,2020,87,86-90
3,San José,masculino,1939,2001,62,61-65
4,San José,masculino,1933,2008,75,71-75
3,San José,masculino,1940,2004,64,61-65
3,San José,masculino,1940,2008,68,66-70
4,San José,femenino,1933,2008,75,71-75
3,San José,masculino,1940,2025,85,81-85
4,San José,masculino,1933,2013,80,76-80
3,San José,masculino,1941,2015,74,71-75
4,San José,masculino,1933,2021,88,86-90
3,San José,femenino,1941,2009,68,66-70
4,San José,femenino,1934,2006,72,71-75
3,San José,femenino,1942,1992,50,46-50
4,San José,masculino,1934,1941,7,06-10
3,San José,masculino,1943,2025,82,81-85
4,San José,femenino,1934,2004,70,66-70
3,San José,femenino,1943,2021,78,76-80
4,San José,femenino,1935,2013,78,76-80
3,San José,femenino,1943,2021,78,76-80
4,San José,masculino,1935,1991,56,56-60
3,San José,masculino,1944,2013,69,66-70
4,San José,masculino,1935,2019,84,81-85
3,San José,femenino,1945,2005,60,56-60
3,San José,masculino,1945,2024,79,76-80
4,San José,masculino,1935,2019,84,81-85
3,San José,femenino,1946,2023,77,76-80
4,San José,masculino,1935,1974,39,36-40
3,San José,masculino,1946,2024,78,76-80
4,San José,femenino,1936,1996,60,56-60
3,San José,masculino,1947,2026,79,76-80
4,San José,femenino,1936,1988,52,51-55
3,San José,masculino,1947,1998,51,51-55
4,San José,masculino,1937,2025,88,86-90
3,San José,masculino,1948,2025,77,76-80
4,San José,femenino,1937,2025,88,86-90
3,San José,femenino,1948,2018,70,66-70
4,San José,femenino,1937,2025,88,86-90
3,San José,masculino,1949,2018,69,66-70
4,San José,femenino,1937,2019,82,81-85
3,San José,femenino,1949,2018,69,66-70
3,San José,femenino,1950,2007,57,56-60
4,San José,masculino,1937,2019,82,81-85
3,San José,masculino,1950,2026,76,76-80
4,San José,masculino,1937,2020,83,81-85
3,San José,femenino,1950,1957,7,06-10
4,San José,femenino,1937,2001,64,61-65
3,San José,masculino,1950,2024,74,71-75
4,San José,femenino,1939,2018,79,76-80
3,San José,masculino,1950,2000,50,46-50
4,San José,femenino,1939,2016,77,76-80
3,San José,masculino,1951,2001,50,46-50
4,San José,masculino,1939,2023,84,81-85
3,San José,masculino,1952,2000,48,46-50
4,San José,masculino,1940,2026,86,86-90
3,San José,femenino,1952,2024,72,71-75
4,San José,masculino,1941,2019,78,76-80
3,San José,masculino,1952,2024,72,71-75
4,San José,femenino,1941,1996,55,51-55
3,San José,femenino,1953,2024,71,71-75
4,San José,masculino,1943,2002,59,56-60
4,San José,masculino,1943,2022,79,76-80
4,San José,masculino,1943,2004,61,61-65
3,San José,masculino,1954,2006,52,51-55
3,San José,femenino,1954,1955,1,0-01
3,San José,femenino,1955,2013,58,56-60
3,San José,femenino,1955,1956,1,0-01
3,San José,femenino,1957,2023,66,66-70
2,San José,masculino,1862,1946,84,81-85
2,San José,masculino,1864,1958,94,91-95
2,San José,femenino,1868,1923,55,51-55
2,San José,masculino,1869,1920,51,51-55
2,San José,femenino,1871,1938,67,66-70
2,San José,femenino,1871,1950,79,76-80
2,San José,masculino,1873,1950,77,76-80
2,San José,femenino,1873,1938,65,61-65
2,San José,femenino,1874,1948,74,71-75
2,San José,femenino,1874,1953,79,76-80
2,San José,femenino,1877,1938,61,61-65
2,San José,masculino,1878,1919,41,41-45
2,San José,femenino,1878,1959,81,81-85
2,San José,masculino,1879,1941,62,61-65
2,San José,masculino,1880,1924,44,41-45
2,San José,masculino,1881,1961,80,76-80
2,San José,masculino,1882,1966,84,81-85
2,San José,femenino,1883,1949,66,66-70
2,San José,femenino,1883,1963,80,76-80
2,San José,masculino,1883,1977,94,91-95
2,San José,femenino,1886,1990,104,96+
2,San José,masculino,1886,1910,24,21-25
2,San José,masculino,1889,1956,67,66-70
2,San José,masculino,1889,1967,78,76-80
2,San José,masculino,1891,1966,75,71-75
2,San José,masculino,1891,1952,61,61-65
2,San José,femenino,1892,1953,61,61-65
2,San José,femenino,1892,1950,58,56-60
2,San José,femenino,1894,1974,80,76-80
2,San José,femenino,1894,1975,81,81-85
2,San José,femenino,1894,1989,95,91-95
2,San José,masculino,1895,1896,1,0-01
2,San José,masculino,1895,1979,84,81-85
2,San José,femenino,1897,1995,98,96+
2,San José,masculino,1898,1899,1,0-01
2,San José,femenino,1899,2002,103,96+
2,San José,masculino,1899,1964,65,61-65
2,San José,masculino,1900,1900,0,0-01
2,San José,masculino,1900,2006,106,96+
2,San José,femenino,1901,2001,100,96+
2,San José,femenino,1901,1983,82,81-85
2,San José,femenino,1901,1999,98,96+
2,San José,femenino,1904,1975,71,71-75
2,San José,femenino,1904,1949,45,41-45
2,San José,femenino,1905,1971,66,66-70
2,San José,femenino,1905,1970,65,61-65
2,San José,femenino,1905,2004,99,96+
2,San José,femenino,1905,1991,86,86-90
2,San José,femenino,1906,1926,20,16-20
2,San José,femenino,1906,1979,73,71-75
2,San José,femenino,1907,2002,95,91-95
2,San José,masculino,1907,1946,39,36-40
2,San José,masculino,1907,1984,77,76-80
2,San José,femenino,1908,1996,88,86-90
2,San José,masculino,1908,1981,73,71-75
2,San José,femenino,1908,1950,42,41-45
2,San José,femenino,1908,1989,81,81-85
2,San José,masculino,1908,2007,99,96+
2,San José,masculino,1909,1990,81,81-85
2,San José,femenino,1909,1974,65,61-65
2,San José,masculino,1909,1988,79,76-80
2,San José,masculino,1909,1953,44,41-45
2,San José,femenino,1909,1990,81,81-85
2,San José,femenino,1910,2010,100,96+
4,San José,masculino,1944,1997,53,51-55
4,San José,masculino,1944,2019,75,71-75
4,San José,masculino,1944,1966,22,21-25
4,San José,femenino,1944,2019,75,71-75
2,San José,masculino,1910,1984,74,71-75
2,San José,femenino,1910,1948,38,36-40
2,San José,femenino,1911,1997,86,86-90
2,San José,masculino,1911,2000,89,86-90
2,San José,masculino,1911,1998,87,86-90
2,San José,femenino,1911,1974,63,61-65
2,San José,masculino,1912,1974,62,61-65
2,San José,femenino,1912,1952,40,36-40
2,San José,masculino,1913,1998,85,81-85
2,San José,femenino,1913,1992,79,76-80
2,San José,femenino,1914,1966,52,51-55
2,San José,femenino,1914,2000,86,86-90
2,San José,masculino,1914,1992,78,76-80
2,San José,masculino,1914,1994,80,76-80
2,San José,femenino,1914,2003,89,86-90
2,San José,femenino,1914,1999,85,81-85
2,San José,masculino,1915,2005,90,86-90
2,San José,femenino,1915,2000,85,81-85
2,San José,masculino,1915,2003,88,86-90
2,San José,masculino,1915,1981,66,66-70
2,San José,femenino,1915,1996,81,81-85
2,San José,femenino,1916,1987,71,71-75
2,San José,femenino,1916,1999,83,81-85
2,San José,femenino,1916,2013,97,96+
2,San José,masculino,1916,2003,87,86-90
2,San José,femenino,1916,1924,8,06-10
2,San José,femenino,1916,2001,85,81-85
2,San José,masculino,1917,1979,62,61-65
2,San José,femenino,1917,2015,98,96+
2,San José,masculino,1917,2004,87,86-90
2,San José,femenino,1918,1919,1,0-01
2,San José,masculino,1918,2005,87,86-90
2,San José,masculino,1918,2005,87,86-90
2,San José,masculino,1918,1950,32,31-35
2,San José,femenino,1918,2015,97,96+
2,San José,femenino,1918,1991,73,71-75
2,San José,femenino,1919,2018,99,96+
2,San José,masculino,1919,1991,72,71-75
2,San José,masculino,1919,2010,91,91-95
2,San José,femenino,1919,2019,100,96+
2,San José,femenino,1919,2002,83,81-85
2,San José,femenino,1920,2014,94,91-95
2,San José,femenino,1920,2012,92,91-95
2,San José,femenino,1920,2017,97,96+
2,San José,masculino,1920,1994,74,71-75
2,San José,masculino,1921,1995,74,71-75
2,San José,femenino,1921,1995,74,71-75
2,San José,femenino,1921,2002,81,81-85
2,San José,femenino,1921,2008,87,86-90
3,San José,masculino,1958,2026,68,66-70
3,San José,femenino,1958,2003,45,41-45
3,San José,masculino,1959,2019,60,56-60
2,San José,femenino,1921,1997,76,76-80
2,San José,femenino,1922,2005,83,81-85
2,San José,femenino,1923,2017,94,91-95
2,San José,femenino,1923,2013,90,86-90
2,San José,femenino,1923,2000,77,76-80
2,San José,masculino,1923,1994,71,71-75
2,San José,masculino,1923,2019,96,96+
2,San José,masculino,1924,2000,76,76-80
2,San José,masculino,1924,2014,90,86-90
2,San José,femenino,1924,2005,81,81-85
2,San José,masculino,1925,2015,90,86-90
4,San José,masculino,1944,1987,43,41-45
4,San José,masculino,1946,2021,75,71-75
4,San José,masculino,1946,1988,42,41-45
4,San José,femenino,1947,1958,11,11-15
5,San José,masculino,1818,1892,74,71-75
5,San José,masculino,1827,1889,62,61-65
5,San José,femenino,1828,1885,57,56-60
5,San José,masculino,1835,1883,48,46-50
5,San José,masculino,1840,1919,79,76-80
5,San José,masculino,1842,1909,67,66-70
5,San José,femenino,1843,1903,60,56-60
5,San José,masculino,1843,1913,70,66-70
5,San José,femenino,1844,1918,74,71-75
5,San José,masculino,1849,1903,54,51-55
5,San José,femenino,1850,1918,68,66-70
5,San José,masculino,1852,1922,70,66-70
5,San José,femenino,1852,1928,76,76-80
5,San José,masculino,1853,1934,81,81-85
5,San José,masculino,1858,1936,78,76-80
5,San José,masculino,1859,1946,87,86-90
5,San José,masculino,1859,1919,60,56-60
5,San José,masculino,1859,1925,66,66-70
5,San José,femenino,1860,1899,39,36-40
5,San José,femenino,1860,1939,79,76-80
5,San José,masculino,1861,1924,63,61-65
5,San José,femenino,1862,1943,81,81-85
5,San José,femenino,1862,1952,90,86-90
5,San José,femenino,1864,1934,70,66-70
5,San José,masculino,1866,1909,43,41-45
5,San José,femenino,1866,1948,82,81-85
5,San José,masculino,1866,1934,68,66-70
5,San José,femenino,1867,1894,27,26-30
5,San José,masculino,1867,1917,50,46-50
5,San José,masculino,1869,1936,67,66-70
5,San José,masculino,1872,1926,54,51-55
5,San José,femenino,1872,1962,90,86-90
5,San José,femenino,1872,1961,89,86-90
5,San José,masculino,1875,1971,96,96+
5,San José,masculino,1876,1944,68,66-70
5,San José,masculino,1877,1954,77,76-80
5,San José,masculino,1878,1966,88,86-90
5,San José,femenino,1879,1962,83,81-85
5,San José,masculino,1879,1953,74,71-75
5,San José,femenino,1879,1894,15,11-15
5,San José,femenino,1880,1976,96,96+
5,San José,masculino,1881,1941,60,56-60
5,San José,femenino,1881,1936,55,51-55
5,San José,femenino,1882,1883,1,0-01
5,San José,femenino,1882,1971,89,86-90
5,San José,masculino,1883,1912,29,26-30
5,San José,femenino,1883,1961,78,76-80
5,San José,masculino,1884,1972,88,86-90
5,San José,masculino,1884,1980,96,96+
5,San José,masculino,1885,1955,70,66-70
5,San José,femenino,1885,1956,71,71-75
5,San José,masculino,1886,1945,59,56-60
5,San José,masculino,1888,1962,74,71-75
5,San José,masculino,1888,1952,64,61-65
5,San José,masculino,1889,1979,90,86-90
5,San José,masculino,1889,1952,63,61-65
5,San José,femenino,1890,1984,94,91-95
5,San José,masculino,1890,1968,78,76-80
5,San José,femenino,1890,1973,83,81-85
5,San José,masculino,1890,1986,96,96+
5,San José,femenino,1890,1927,37,36-40
5,San José,masculino,1890,1965,75,71-75
5,San José,femenino,1891,1978,87,86-90
5,San José,femenino,1891,1920,29,26-30
5,San José,masculino,1891,1955,64,61-65
5,San José,masculino,1891,1954,63,61-65
5,San José,femenino,1892,1960,68,66-70
5,San José,masculino,1892,1983,91,91-95
5,San José,masculino,1892,1966,74,71-75
5,San José,masculino,1892,1970,78,76-80
5,San José,femenino,1892,1992,100,96+
5,San José,femenino,1892,1988,96,96+
5,San José,femenino,1893,1952,59,56-60
5,San José,masculino,1894,1938,44,41-45
5,San José,masculino,1894,1980,86,86-90
5,San José,femenino,1894,1990,96,96+
5,San José,femenino,1894,1952,58,56-60
5,San José,masculino,1894,1972,78,76-80
5,San José,femenino,1895,1988,93,91-95
5,San José,femenino,1895,1977,82,81-85
5,San José,femenino,1895,1959,64,61-65
5,San José,femenino,1895,1977,82,81-85
5,San José,masculino,1895,1969,74,71-75
5,San José,masculino,1896,1959,63,61-65
5,San José,femenino,1896,1998,102,96+
5,San José,femenino,1897,1976,79,76-80
5,San José,femenino,1897,1986,89,86-90
5,San José,masculino,1897,1996,99,96+
5,San José,masculino,1898,1993,95,91-95
5,San José,femenino,1898,1974,76,76-80
5,San José,masculino,1899,1963,64,61-65
5,San José,masculino,1900,1920,20,16-20
5,San José,masculino,1900,1986,86,86-90
5,San José,femenino,1900,1973,73,71-75
5,San José,femenino,1901,1984,83,81-85
5,San José,masculino,1902,1942,40,36-40
5,San José,masculino,1902,1969,67,66-70
5,San José,masculino,1902,1971,69,66-70
5,San José,femenino,1903,1989,86,86-90
5,San José,masculino,1904,1984,80,76-80
5,San José,femenino,1904,1934,30,26-30
5,San José,femenino,1904,1986,82,81-85
5,San José,masculino,1904,1988,84,81-85
5,San José,masculino,1905,1925,20,16-20
5,San José,masculino,1905,1982,77,76-80
5,San José,femenino,1905,1993,88,86-90
5,San José,masculino,1905,1998,93,91-95
5,San José,masculino,1905,1935,30,26-30
5,San José,femenino,1906,1997,91,91-95
5,San José,masculino,1906,1990,84,81-85
5,San José,femenino,1906,2002,96,96+
5,San José,femenino,1906,2001,95,91-95
5,San José,femenino,1907,1996,89,86-90
5,San José,masculino,1907,1976,69,66-70
5,San José,femenino,1908,1922,14,11-15
5,San José,femenino,1908,1972,64,61-65
5,San José,masculino,1908,1999,91,91-95
5,San José,femenino,1908,2001,93,91-95
5,San José,femenino,1909,1997,88,86-90
5,San José,masculino,1909,1998,89,86-90
5,San José,masculino,1909,1964,55,51-55
4,San José,masculino,1947,2004,57,56-60
4,San José,femenino,1948,2019,71,71-75
4,San José,femenino,1948,2024,76,76-80
4,San José,masculino,1948,2016,68,66-70
4,San José,femenino,1948,1982,34,31-35
5,San José,femenino,1910,1983,73,71-75
5,San José,masculino,1910,1994,84,81-85
5,San José,femenino,1910,1976,66,66-70
5,San José,femenino,1910,1992,82,81-85
5,San José,femenino,1910,1971,61,61-65
5,San José,femenino,1911,1994,83,81-85
5,San José,masculino,1911,1987,76,76-80
5,San José,femenino,1911,1998,87,86-90
5,San José,femenino,1911,1986,75,71-75
5,San José,femenino,1912,2004,92,91-95
5,San José,masculino,1912,1980,68,66-70
5,San José,masculino,1912,1985,73,71-75
5,San José,masculino,1913,1988,75,71-75
5,San José,femenino,1913,2001,88,86-90
5,San José,femenino,1913,2000,87,86-90
5,San José,femenino,1913,1999,86,86-90
5,San José,femenino,1913,1997,84,81-85
5,San José,femenino,1913,2001,88,86-90
5,San José,femenino,1914,1975,61,61-65
5,San José,masculino,1914,1989,75,71-75
5,San José,femenino,1914,1991,77,76-80
5,San José,masculino,1914,1960,46,46-50
5,San José,femenino,1914,1996,82,81-85
5,San José,femenino,1914,2000,86,86-90
5,San José,masculino,1915,2005,90,86-90
5,San José,masculino,1915,1992,77,76-80
5,San José,masculino,1915,1988,73,71-75
5,San José,masculino,1915,1985,70,66-70
5,San José,masculino,1915,1991,76,76-80
5,San José,femenino,1915,1998,83,81-85
5,San José,masculino,1915,1994,79,76-80
5,San José,masculino,1916,2000,84,81-85
5,San José,femenino,1916,1998,82,81-85
5,San José,femenino,1916,2019,103,96+
2,San José,femenino,1925,2009,84,81-85
5,San José,femenino,1917,1981,64,61-65
2,San José,femenino,1925,2011,86,86-90
5,San José,masculino,1917,2005,88,86-90
2,San José,femenino,1925,2011,86,86-90
5,San José,femenino,1917,2001,84,81-85
2,San José,femenino,1925,2010,85,81-85
5,San José,masculino,1917,2000,83,81-85
5,San José,masculino,1917,1985,68,66-70
2,San José,masculino,1925,2021,96,96+
5,San José,masculino,1918,1993,75,71-75
2,San José,masculino,1926,2022,96,96+
5,San José,femenino,1918,2007,89,86-90
2,San José,masculino,1926,1987,61,61-65
5,San José,masculino,1919,1993,74,71-75
2,San José,femenino,1926,1991,65,61-65
5,San José,femenino,1919,2021,102,96+
2,San José,femenino,1926,2017,91,91-95
2,San José,femenino,1926,2003,77,76-80
2,San José,femenino,1926,1987,61,61-65
2,San José,femenino,1926,2012,86,86-90
2,San José,femenino,1926,1976,50,46-50
2,San José,masculino,1926,1997,71,71-75
2,San José,masculino,1927,2008,81,81-85
2,San José,masculino,1927,2001,74,71-75
2,San José,masculino,1927,2020,93,91-95
2,San José,masculino,1927,1990,63,61-65
2,San José,femenino,1927,2014,87,86-90
2,San José,femenino,1927,2003,76,76-80
2,San José,masculino,1927,2005,78,76-80
2,San José,femenino,1928,2017,89,86-90
2,San José,femenino,1928,2003,75,71-75
2,San José,masculino,1928,1999,71,71-75
2,San José,femenino,1928,2024,96,96+
2,San José,masculino,1928,1999,71,71-75
2,San José,masculino,1928,1994,66,66-70
2,San José,masculino,1929,2017,88,86-90
2,San José,masculino,1929,2009,80,76-80
2,San José,femenino,1929,2021,92,91-95
2,San José,masculino,1929,1986,57,56-60
2,San José,femenino,1929,2018,89,86-90
2,San José,masculino,1929,1952,23,21-25
2,San José,femenino,1929,2010,81,81-85
2,San José,femenino,1930,2023,93,91-95
2,San José,femenino,1931,1983,52,51-55
2,San José,masculino,1932,1993,61,61-65
2,San José,masculino,1932,2011,79,76-80
2,San José,masculino,1932,2010,78,76-80
2,San José,masculino,1932,1952,20,16-20
2,San José,masculino,1933,1990,57,56-60
2,San José,femenino,1933,2016,83,81-85
2,San José,femenino,1933,2014,81,81-85
2,San José,masculino,1933,2015,82,81-85
2,San José,masculino,1933,2000,67,66-70
2,San José,masculino,1933,2014,81,81-85
2,San José,femenino,1933,2020,87,86-90
2,San José,masculino,1934,2005,71,71-75
2,San José,femenino,1935,2004,69,66-70
2,San José,masculino,1935,1994,59,56-60
2,San José,femenino,1936,2020,84,81-85
2,San José,femenino,1936,2018,82,81-85
2,San José,masculino,1936,2024,88,86-90
2,San José,masculino,1936,2023,87,86-90
2,San José,femenino,1937,2017,80,76-80
2,San José,femenino,1937,2020,83,81-85
2,San José,femenino,1937,2020,83,81-85
2,San José,masculino,1937,2005,68,66-70
2,San José,masculino,1938,2021,83,81-85
2,San José,masculino,1938,2022,84,81-85
2,San José,masculino,1938,2000,62,61-65
2,San José,femenino,1938,1974,36,36-40
2,San José,masculino,1938,1988,50,46-50
2,San José,femenino,1938,2003,65,61-65
2,San José,femenino,1938,2003,65,61-65
2,San José,femenino,1939,2012,73,71-75
2,San José,femenino,1939,2023,84,81-85
2,San José,femenino,1939,2024,85,81-85
2,San José,femenino,1939,2012,73,71-75
2,San José,masculino,1939,2018,79,76-80
2,San José,femenino,1939,2014,75,71-75
2,San José,masculino,1940,2008,68,66-70
2,San José,masculino,1940,2022,82,81-85
2,San José,femenino,1940,2014,74,71-75
2,San José,masculino,1941,2002,61,61-65
2,San José,femenino,1941,2020,79,76-80
2,San José,masculino,1942,2008,66,66-70
2,San José,masculino,1942,2022,80,76-80
2,San José,masculino,1942,1975,33,31-35
2,San José,masculino,1942,2014,72,71-75
2,San José,femenino,1943,2023,80,76-80
2,San José,masculino,1944,1998,54,51-55
2,San José,femenino,1944,2022,78,76-80
2,San José,masculino,1944,2022,78,76-80
2,San José,masculino,1944,1983,39,36-40
2,San José,masculino,1945,2011,66,66-70
2,San José,masculino,1945,1997,52,51-55
2,San José,femenino,1945,1999,54,51-55
2,San José,femenino,1945,2021,76,76-80
2,San José,masculino,1945,2022,77,76-80
2,San José,femenino,1945,2019,74,71-75
2,San José,masculino,1947,1972,25,21-25
2,San José,masculino,1947,2021,74,71-75
2,San José,femenino,1947,2021,74,71-75
2,San José,femenino,1947,1978,31,31-35
2,San José,femenino,1947,1987,40,36-40
2,San José,femenino,1948,2013,65,61-65
2,San José,femenino,1948,2011,63,61-65
2,San José,femenino,1949,2008,59,56-60
2,San José,femenino,1949,2014,65,61-65
2,San José,femenino,1949,2022,73,71-75
2,San José,femenino,1950,2021,71,71-75
2,San José,femenino,1950,2014,64,61-65
2,San José,femenino,1951,2003,52,51-55
2,San José,femenino,1951,2014,63,61-65
2,San José,masculino,1951,1969,18,16-20
2,San José,femenino,1951,2000,49,46-50
2,San José,masculino,1952,2002,50,46-50
2,San José,masculino,1952,2015,63,61-65
2,San José,masculino,1952,2021,69,66-70
2,San José,masculino,1952,1975,23,21-25
2,San José,femenino,1953,2021,68,66-70
2,San José,masculino,1953,2023,70,66-70
2,San José,masculino,1953,1991,38,36-40
2,San José,masculino,1953,2015,62,61-65
2,San José,masculino,1953,2022,69,66-70
2,San José,femenino,1953,2007,54,51-55
2,San José,masculino,1954,2014,60,56-60
2,San José,masculino,1955,2016,61,61-65
2,San José,masculino,1955,2006,51,51-55
2,San José,femenino,1955,2010,55,51-55
2,San José,masculino,1955,2013,58,56-60
2,San José,femenino,1956,2024,68,66-70
2,San José,femenino,1957,2021,64,61-65
2,San José,masculino,1957,2016,59,56-60
2,San José,masculino,1957,1981,24,21-25
2,San José,masculino,1958,2010,52,51-55
2,San José,femenino,1958,2022,64,61-65
2,San José,femenino,1958,2022,64,61-65
2,San José,femenino,1958,1982,24,21-25
2,San José,masculino,1959,2015,56,56-60
2,San José,femenino,1959,1976,17,16-20
2,San José,masculino,1960,2006,46,46-50
2,San José,masculino,1960,2023,63,61-65
2,San José,femenino,1960,2006,46,46-50
2,San José,masculino,1960,2019,59,56-60
2,San José,femenino,1961,1961,0,0-01
2,San José,masculino,1961,2014,53,51-55
2,San José,masculino,1961,2004,43,41-45
2,San José,femenino,1961,2024,63,61-65
2,San José,masculino,1962,1996,34,31-35
2,San José,masculino,1962,1979,17,16-20
2,San José,masculino,1962,2023,61,61-65
4,San José,masculino,1949,2005,56,56-60
4,San José,femenino,1950,2018,68,66-70
4,San José,masculino,1950,2023,73,71-75
4,San José,masculino,1950,1956,6,06-10
5,San José,femenino,1919,2007,88,86-90
5,San José,masculino,1919,2000,81,81-85
5,San José,femenino,1919,2017,98,96+
5,San José,femenino,1920,1999,79,76-80
5,San José,femenino,1920,1992,72,71-75
5,San José,femenino,1920,2021,101,96+
5,San José,femenino,1920,1995,75,71-75
5,San José,masculino,1921,2001,80,76-80
5,San José,femenino,1921,1976,55,51-55
5,San José,femenino,1922,2020,98,96+
5,San José,femenino,1922,2007,85,81-85
5,San José,masculino,1922,1924,2,02-05
5,San José,femenino,1922,2003,81,81-85
5,San José,masculino,1922,2007,85,81-85
5,San José,femenino,1922,1999,77,76-80
5,San José,masculino,1922,2006,84,81-85
5,San José,masculino,1922,2001,79,76-80
5,San José,femenino,1923,2003,80,76-80
5,San José,femenino,1924,1996,72,71-75
5,San José,masculino,1924,2004,80,76-80
5,San José,masculino,1924,1983,59,56-60
5,San José,masculino,1925,2002,77,76-80
5,San José,masculino,1925,2017,92,91-95
5,San José,masculino,1925,2020,95,91-95
5,San José,femenino,1925,2022,97,96+
5,San José,masculino,1925,1955,30,26-30
5,San José,femenino,1925,2006,81,81-85
5,San José,femenino,1925,2015,90,86-90
5,San José,masculino,1926,2014,88,86-90
5,San José,masculino,1926,1955,29,26-30
5,San José,femenino,1926,1999,73,71-75
5,San José,femenino,1927,2008,81,81-85
5,San José,masculino,1927,1931,4,02-05
5,San José,femenino,1927,2008,81,81-85
5,San José,masculino,1928,2019,91,91-95
5,San José,femenino,1928,2007,79,76-80
5,San José,femenino,1928,2010,82,81-85
5,San José,femenino,1928,2019,91,91-95
5,San José,masculino,1929,2006,77,76-80
5,San José,femenino,1930,2004,74,71-75
5,San José,masculino,1932,1993,61,61-65
5,San José,masculino,1932,2010,78,76-80
5,San José,femenino,1932,2013,81,81-85
5,San José,femenino,1933,2009,76,76-80
5,San José,masculino,1933,1986,53,51-55
5,San José,femenino,1934,2020,86,86-90
5,San José,femenino,1934,2019,85,81-85
5,San José,masculino,1935,1995,60,56-60
5,San José,masculino,1935,1999,64,61-65
5,San José,femenino,1935,2018,83,81-85
5,San José,femenino,1935,2016,81,81-85
5,San José,masculino,1935,1994,59,56-60
5,San José,femenino,1936,2002,66,66-70
5,San José,femenino,1936,2022,86,86-90
5,San José,masculino,1937,2008,71,71-75
5,San José,femenino,1938,2026,88,86-90
5,San José,femenino,1938,2014,76,76-80
5,San José,femenino,1938,2018,80,76-80
5,San José,femenino,1938,2018,80,76-80
5,San José,masculino,1938,1976,38,36-40
5,San José,femenino,1940,1980,40,36-40
5,San José,masculino,1940,1999,59,56-60
5,San José,masculino,1940,1994,54,51-55
5,San José,masculino,1941,2012,71,71-75
5,San José,femenino,1941,2011,70,66-70
5,San José,masculino,1941,2017,76,76-80
5,San José,masculino,1941,2011,70,66-70
5,San José,masculino,1942,2003,61,61-65
5,San José,masculino,1942,2007,65,61-65
5,San José,masculino,1943,2021,78,76-80
5,San José,masculino,1944,1954,10,06-10
5,San José,femenino,1945,2026,81,81-85
5,San José,femenino,1946,2010,64,61-65
5,San José,masculino,1946,1977,31,31-35
5,San José,masculino,1946,2005,59,56-60
5,San José,masculino,1947,2011,64,61-65
5,San José,masculino,1947,2008,61,61-65
5,San José,masculino,1948,2014,66,66-70
5,San José,femenino,1948,2000,52,51-55
5,San José,masculino,1948,1974,26,26-30
5,San José,femenino,1948,2021,73,71-75
5,San José,masculino,1949,1969,20,16-20
5,San José,masculino,1949,2023,74,71-75
5,San José,femenino,1950,2026,76,76-80
5,San José,masculino,1950,2021,71,71-75
5,San José,masculino,1950,2017,67,66-70
5,San José,masculino,1950,2007,57,56-60
1,San José,masculino,1835,1910,75,71-75
1,San José,femenino,1840,1933,93,91-95
1,San José,femenino,1855,1924,69,66-70
1,San José,masculino,1859,1927,68,66-70
1,San José,femenino,1859,1939,80,76-80
1,San José,femenino,1861,1917,56,56-60
1,San José,femenino,1862,1951,89,86-90
1,San José,masculino,1862,1952,90,86-90
1,San José,masculino,1863,1935,72,71-75
1,San José,femenino,1867,1945,78,76-80
1,San José,femenino,1870,1946,76,76-80
1,San José,femenino,1873,1959,86,86-90
1,San José,femenino,1873,1945,72,71-75
1,San José,masculino,1874,1958,84,81-85
1,San José,femenino,1874,1936,62,61-65
1,San José,masculino,1877,1953,76,76-80
1,San José,masculino,1878,1963,85,81-85
1,San José,masculino,1881,1938,57,56-60
1,San José,femenino,1981,1993,12,11-15
1,San José,femenino,1883,1956,73,71-75
1,San José,femenino,1884,1973,89,86-90
1,San José,femenino,1884,1954,70,66-70
1,San José,masculino,1884,1961,77,76-80
1,San José,femenino,1886,1978,92,91-95
1,San José,femenino,1886,1972,86,86-90
1,San José,masculino,1886,1972,86,86-90
1,San José,masculino,1887,1950,63,61-65
1,San José,femenino,1887,1952,65,61-65
1,San José,masculino,1888,1945,57,56-60
1,San José,masculino,1888,1959,71,71-75
1,San José,masculino,1889,1953,64,61-65
1,San José,femenino,1890,1971,81,81-85
1,San José,masculino,1890,1946,56,56-60
1,San José,femenino,1891,1979,88,86-90
1,San José,femenino,1892,1974,82,81-85
1,San José,femenino,1893,1968,75,71-75
1,San José,masculino,1894,1966,72,71-75
1,San José,femenino,1894,1979,85,81-85
1,San José,masculino,1895,1977,82,81-85
1,San José,masculino,1895,1967,72,71-75
1,San José,masculino,1896,1926,30,26-30
1,San José,masculino,1896,1962,66,66-70
1,San José,femenino,1897,1976,79,76-80
1,San José,femenino,1897,1973,76,76-80
1,San José,femenino,1898,1993,95,91-95
1,San José,femenino,1899,1936,37,36-40
1,San José,femenino,1900,1960,60,56-60
1,San José,masculino,1901,1979,78,76-80
1,San José,femenino,1901,1972,71,71-75
1,San José,femenino,1902,1973,71,71-75
1,San José,femenino,1902,1979,77,76-80
1,San José,masculino,1903,1937,34,31-35
1,San José,femenino,1904,1909,5,02-05
1,San José,masculino,1904,1986,82,81-85
1,San José,femenino,1905,2006,101,96+
1,San José,femenino,1905,1991,86,86-90
1,San José,masculino,1905,1984,79,76-80
1,San José,femenino,1906,1938,32,31-35
1,San José,femenino,1906,1983,77,76-80
1,San José,masculino,1906,1964,58,56-60
1,San José,femenino,1907,2003,96,96+
1,San José,femenino,1909,1998,89,86-90
1,San José,masculino,1909,1990,81,81-85
1,San José,femenino,1910,1989,79,76-80
1,San José,masculino,1910,1994,84,81-85
1,San José,femenino,1910,1992,82,81-85
1,San José,femenino,1910,2006,96,96+
1,San José,femenino,1910,1973,63,61-65
1,San José,femenino,1911,2000,89,86-90
1,San José,masculino,1912,2000,88,86-90
1,San José,femenino,1912,1974,62,61-65
1,San José,femenino,1912,1941,29,26-30
1,San José,femenino,1913,1997,84,81-85
1,San José,masculino,1913,1964,51,51-55
1,San José,femenino,1913,1960,47,46-50
1,San José,femenino,1913,1997,84,81-85
1,San José,femenino,1914,1955,41,41-45
1,San José,masculino,1914,1969,55,51-55
1,San José,masculino,1914,2000,86,86-90
1,San José,masculino,1914,1980,66,66-70
1,San José,femenino,1914,2005,91,91-95
1,San José,femenino,1914,2004,90,86-90
1,San José,femenino,1914,1996,82,81-85
1,San José,femenino,1915,1999,84,81-85
1,San José,femenino,1915,2011,96,96+
1,San José,femenino,1915,2004,89,86-90
1,San José,femenino,1916,2005,89,86-90
1,San José,masculino,1916,1988,72,71-75
1,San José,femenino,1916,1995,79,76-80
1,San José,masculino,1916,1979,63,61-65
1,San José,masculino,1916,1963,47,46-50
1,San José,femenino,1917,1991,74,71-75
1,San José,masculino,1917,2000,83,81-85
1,San José,femenino,1918,1963,45,41-45
1,San José,masculino,1918,1987,69,66-70
1,San José,femenino,1919,2014,95,91-95
1,San José,masculino,1920,2006,86,86-90
1,San José,masculino,1920,2005,85,81-85
1,San José,masculino,1920,2004,84,81-85
1,San José,femenino,1920,1983,63,61-65
1,San José,femenino,1920,2009,89,86-90
1,San José,masculino,1921,1990,69,66-70
1,San José,femenino,1921,1958,37,36-40
1,San José,femenino,1921,1970,49,46-50
1,San José,femenino,1921,2011,90,86-90
1,San José,masculino,1922,2000,78,76-80
1,San José,femenino,1922,2015,93,91-95
1,San José,femenino,1923,2002,79,76-80
1,San José,masculino,1924,2009,85,81-85
1,San José,masculino,1924,2009,85,81-85
1,San José,masculino,1924,1987,63,61-65
1,San José,femenino,1924,1985,61,61-65
1,San José,masculino,1924,2021,97,96+
1,San José,femenino,1925,2006,81,81-85
1,San José,femenino,1925,2002,77,76-80
1,San José,femenino,1925,2001,76,76-80
1,San José,femenino,1925,2013,88,86-90
1,San José,femenino,1925,2010,85,81-85
1,San José,masculino,1926,2018,92,91-95
1,San José,masculino,1926,2004,78,76-80
1,San José,femenino,1926,2014,88,86-90
1,San José,masculino,1927,2009,82,81-85
1,San José,masculino,1927,2002,75,71-75
1,San José,masculino,1927,2006,79,76-80
1,San José,femenino,1928,2017,89,86-90
1,San José,femenino,1928,2020,92,91-95
1,San José,femenino,1928,1968,40,36-40
4,San José,masculino,1951,1989,38,36-40
1,San José,femenino,1929,2024,95,91-95
1,San José,masculino,1929,1958,29,26-30
1,San José,femenino,1930,2019,89,86-90
1,San José,masculino,1930,2021,91,91-95
1,San José,femenino,1930,1990,60,56-60
1,San José,masculino,1930,2015,85,81-85
1,San José,femenino,1930,1982,52,51-55
1,San José,femenino,1931,1997,66,66-70
1,San José,masculino,1931,2001,70,66-70
1,San José,masculino,1931,2014,83,81-85
1,San José,femenino,1931,2018,87,86-90
1,San José,femenino,1931,2019,88,86-90
5,San José,masculino,1950,1957,7,06-10
1,San José,femenino,1932,2002,70,66-70
5,San José,femenino,1950,1977,27,26-30
5,San José,femenino,1953,2016,63,61-65
1,San José,masculino,1932,2002,70,66-70
1,San José,femenino,1932,2015,83,81-85
1,San José,masculino,1932,2015,83,81-85
1,San José,femenino,1932,2021,89,86-90
1,San José,femenino,1933,2014,81,81-85
1,San José,femenino,1934,2023,89,86-90
1,San José,masculino,1934,2000,66,66-70
1,San José,femenino,1934,2019,85,81-85
1,San José,masculino,1934,1977,43,41-45
1,San José,masculino,1934,2017,83,81-85
1,San José,femenino,1934,2006,72,71-75
1,San José,femenino,1934,1975,41,41-45
1,San José,masculino,1934,1995,61,61-65
1,San José,femenino,1935,2005,70,66-70
1,San José,femenino,1935,2015,80,76-80
1,San José,femenino,1936,2011,75,71-75
2,San José,masculino,1963,2006,43,41-45
1,San José,femenino,1936,2017,81,81-85
2,San José,masculino,1963,1988,25,21-25
1,San José,masculino,1936,2010,74,71-75
2,San José,masculino,1964,2006,42,41-45
1,San José,masculino,1937,1963,26,26-30
2,San José,masculino,1964,2018,54,51-55
2,San José,femenino,1965,2016,51,51-55
1,San José,masculino,1937,2014,77,76-80
1,San José,masculino,1937,1985,48,46-50
1,San José,masculino,1938,1994,56,56-60
1,San José,masculino,1938,2008,70,66-70
1,San José,masculino,1939,2017,78,76-80
1,San José,femenino,1940,2014,74,71-75
1,San José,femenino,1941,2026,85,81-85
1,San José,femenino,1941,2000,59,56-60
1,San José,masculino,1941,2018,77,76-80
1,San José,femenino,1941,2012,71,71-75
1,San José,masculino,1941,2005,64,61-65
1,San José,masculino,1942,1991,49,46-50
1,San José,femenino,1942,2003,61,61-65
1,San José,masculino,1942,2015,73,71-75
1,San José,masculino,1942,2025,83,81-85
1,San José,masculino,1942,2000,58,56-60
1,San José,masculino,1943,2001,58,56-60
1,San José,masculino,1943,2050,107,96+
1,San José,masculino,1943,2021,78,76-80
1,San José,masculino,1944,1996,52,51-55
3,San José,femenino,1960,2006,46,46-50
5,San José,masculino,1954,1976,22,21-25
1,San José,masculino,1944,2006,62,61-65
5,San José,masculino,1954,2000,46,46-50
1,San José,femenino,1944,2021,77,76-80
5,San José,femenino,1955,1955,0,0-01
1,San José,masculino,1945,2015,70,66-70
5,San José,femenino,1957,2014,57,56-60
1,San José,masculino,1946,2008,62,61-65
5,San José,masculino,1958,2022,64,61-65
5,San José,femenino,1959,1969,10,06-10
1,San José,femenino,1946,2022,76,76-80
5,San José,masculino,1960,1983,23,21-25
1,San José,masculino,1946,2014,68,66-70
2,San José,masculino,1965,1979,14,11-15
5,San José,masculino,1961,2011,50,46-50
1,San José,masculino,1946,2024,78,76-80
5,San José,femenino,1961,2020,59,56-60
1,San José,femenino,1946,2002,56,56-60
5,San José,femenino,1963,2014,51,51-55
1,San José,masculino,1946,2026,80,76-80
1,San José,masculino,1947,1995,48,46-50
5,San José,masculino,1965,1992,27,26-30
2,San José,masculino,1965,2018,53,51-55
1,San José,masculino,1947,2024,77,76-80
5,San José,masculino,1965,2011,46,46-50
1,San José,masculino,1947,2018,71,71-75
5,San José,masculino,1966,2007,41,41-45
1,San José,masculino,1947,2014,67,66-70
5,San José,femenino,1969,1972,3,02-05
1,San José,femenino,1948,2021,73,71-75
5,San José,masculino,1969,2023,54,51-55
1,San José,masculino,1948,2015,67,66-70
5,San José,masculino,1969,1969,0,0-01
1,San José,masculino,1948,2021,73,71-75
5,San José,masculino,1974,2016,42,41-45
2,San José,masculino,1967,2020,53,51-55
4,San José,masculino,1951,2003,52,51-55
1,San José,femenino,1948,2020,72,71-75
5,San José,masculino,1976,2019,43,41-45
2,San José,masculino,1968,2000,32,31-35
4,San José,masculino,1951,1952,1,0-01
1,San José,masculino,1949,2016,67,66-70
5,San José,masculino,1978,2011,33,31-35
2,San José,femenino,1969,2022,53,51-55
4,San José,femenino,1952,2023,71,71-75
1,San José,femenino,1950,2019,69,66-70
5,San José,masculino,1981,2002,21,21-25
2,San José,masculino,1969,2018,49,46-50
4,San José,masculino,1954,2011,57,56-60
1,San José,masculino,1950,1991,41,41-45
5,San José,femenino,1895,1962,67,66-70
2,San José,masculino,1970,2021,51,51-55
4,San José,femenino,1954,2002,48,46-50
1,San José,femenino,1951,2013,62,61-65
2,San José,femenino,1971,2022,51,51-55
4,San José,femenino,1954,2014,60,56-60
1,San José,masculino,1951,1985,34,31-35
2,San José,masculino,1973,2006,33,31-35
1,San José,masculino,1951,2021,70,66-70
2,San José,masculino,1974,2010,36,36-40
1,San José,femenino,1952,2023,71,71-75
2,San José,masculino,1975,2016,41,41-45
1,San José,masculino,1952,2009,57,56-60
2,San José,masculino,1975,1975,0,0-01
1,San José,masculino,1952,1996,44,41-45
2,San José,masculino,1976,2008,32,31-35
1,San José,femenino,1952,2024,72,71-75
2,San José,femenino,1977,2018,41,41-45
1,San José,masculino,1953,2001,48,46-50
2,San José,masculino,1977,2022,45,41-45
1,San José,femenino,1953,2001,48,46-50
2,San José,femenino,1979,2001,22,21-25
1,San José,femenino,1953,2025,72,71-75
2,San José,femenino,1979,2023,44,41-45
1,San José,masculino,1953,2022,69,66-70
2,San José,masculino,1980,2006,26,26-30
1,San José,masculino,1954,2002,48,46-50
2,San José,masculino,1981,2015,34,31-35
1,San José,femenino,1955,2018,63,61-65
2,San José,masculino,1981,2003,22,21-25
1,San José,masculino,1955,2015,60,56-60
2,San José,masculino,1983,2022,39,36-40
1,San José,femenino,1955,2016,61,61-65
2,San José,masculino,1983,2025,42,41-45
1,San José,femenino,1955,2016,61,61-65
2,San José,masculino,1984,2011,27,26-30
3,San José,masculino,1961,2024,63,61-65
1,San José,masculino,1956,2008,52,51-55
3,San José,masculino,1962,1962,0,0-01
1,San José,femenino,1957,2001,44,41-45
3,San José,femenino,1962,2011,49,46-50
1,San José,masculino,1958,2021,63,61-65
3,San José,masculino,1962,1985,23,21-25
1,San José,femenino,1960,2020,60,56-60
3,San José,masculino,1964,2019,55,51-55
3,San José,masculino,1965,2006,41,41-45
3,San José,masculino,1965,2013,48,46-50
2,San José,masculino,1986,2022,36,36-40
2,San José,masculino,1986,2021,35,31-35
2,San José,femenino,1988,2022,34,31-35
3,San José,masculino,1966,2012,46,46-50
2,San José,masculino,1991,1991,0,0-01
3,San José,masculino,1967,1981,14,11-15
1,San José,masculino,1961,2005,44,41-45
2,San José,femenino,1991,1993,2,02-05
3,San José,masculino,1968,2015,47,46-50
1,San José,masculino,1962,2008,46,46-50
4,San José,femenino,1955,2021,66,66-70
3,San José,masculino,1969,2012,43,41-45
2,San José,masculino,1991,2005,14,11-15
4,San José,masculino,1955,1972,17,16-20
3,San José,femenino,1972,1996,24,21-25
2,San José,masculino,1993,2015,22,21-25
1,San José,masculino,1963,2013,50,46-50
4,San José,femenino,1955,2006,51,51-55
3,San José,masculino,1973,2000,27,26-30
1,San José,masculino,1963,2021,58,56-60
4,San José,masculino,1956,1965,9,06-10
2,San José,masculino,1995,2023,28,26-30
3,San José,femenino,1974,1974,0,0-01
1,San José,masculino,1964,2004,40,36-40
4,San José,masculino,1956,1973,17,16-20
3,San José,masculino,1974,1977,3,02-05
2,San José,femenino,1999,2018,19,16-20
1,San José,masculino,1964,2004,40,36-40
4,San José,femenino,1956,2019,63,61-65
3,San José,masculino,1975,1993,18,16-20
3,San José,masculino,1976,2019,43,41-45
2,San José,masculino,2001,2003,2,02-05
1,San José,femenino,1964,1995,31,31-35
4,San José,masculino,1956,2019,63,61-65
3,San José,masculino,1978,2006,28,26-30
3,San José,masculino,1978,2016,38,36-40
2,San José,masculino,2009,2014,5,02-05
1,San José,masculino,1965,2012,47,46-50
4,San José,masculino,1956,1986,30,26-30
3,San José,masculino,1979,2015,36,36-40
3,San José,masculino,1979,2004,25,21-25
2,San José,masculino,2013,2013,0,0-01
4,San José,masculino,1956,1983,27,26-30
1,San José,femenino,1967,1967,0,0-01
3,San José,masculino,1981,2017,36,36-40
3,San José,femenino,1982,2024,42,41-45
4,San José,masculino,1956,2022,66,66-70
2,San José,masculino,2013,2013,0,0-01
4,San José,femenino,1957,2020,63,61-65
1,San José,femenino,1968,1986,18,16-20
3,San José,masculino,1982,2006,24,21-25
3,San José,femenino,1985,2019,34,31-35
4,San José,masculino,1957,2020,63,61-65
4,San José,femenino,1959,2019,60,56-60
1,San José,femenino,1973,2015,42,41-45
3,San José,masculino,1987,2022,35,31-35
3,San José,masculino,1989,1989,0,0-01
4,San José,masculino,1959,2020,61,61-65
4,San José,masculino,1959,2011,52,51-55
1,San José,masculino,1973,2006,33,31-35
1,San José,femenino,1974,1975,1,0-01
3,San José,femenino,1990,2004,14,11-15
3,San José,masculino,1991,1996,5,02-05
4,San José,masculino,1959,1969,10,06-10
4,San José,femenino,1959,1996,37,36-40
1,San José,masculino,1978,2016,38,36-40
1,San José,masculino,1979,1992,13,11-15
3,San José,masculino,1996,2015,19,16-20
4,San José,masculino,1960,1978,18,16-20
3,San José,femenino,1998,1999,1,0-01
4,San José,masculino,1960,1995,35,31-35
1,San José,femenino,1984,2021,37,36-40
1,San José,femenino,1986,2013,27,26-30
4,San José,femenino,1961,2019,58,56-60
3,San José,femenino,1999,2021,22,21-25
3,San José,masculino,2001,2001,0,0-01
4,San José,masculino,1962,1973,11,11-15
1,San José,femenino,1986,2010,24,21-25
1,San José,femenino,1988,2015,27,26-30
4,San José,femenino,1963,2020,57,56-60
3,San José,masculino,2010,2011,1,0-01
4,San José,masculino,1963,1991,28,26-30
2,San José,femenino,2015,2018,3,02-05
4,San José,masculino,1964,2018,54,51-55
1,San José,masculino,1991,2015,24,21-25
1,San José,masculino,1992,2016,24,21-25
3,San José,masculino,2012,2012,0,0-01
4,San José,masculino,1964,1964,0,0-01
2,San José,masculino,2022,2023,1,0-01
4,San José,femenino,1965,2014,49,46-50
1,San José,masculino,2006,2006,0,0-01
1,San José,masculino,2006,2006,0,0-01
3,San José,masculino,2014,2014,0,0-01
4,San José,femenino,1966,2020,54,51-55
2,San José,masculino,1862,1957,95,91-95
1,San José,masculino,2008,2008,0,0-01
1,San José,femenino,2011,2014,3,02-05
2,San José,femenino,1905,1990,85,81-85
1,San José,masculino,2012,2013,1,0-01
4,San José,femenino,1966,2015,49,46-50
4,San José,femenino,1968,1981,13,11-15
4,San José,masculino,1968,2006,38,36-40
4,San José,masculino,1970,1970,0,0-01
4,San José,masculino,1971,2019,48,46-50
4,San José,masculino,1972,2014,42,41-45
4,San José,femenino,1972,2005,33,31-35
4,San José,masculino,1977,1978,1,0-01
4,San José,masculino,1977,1978,1,0-01
4,San José,femenino,1977,2026,49,46-50
4,San José,masculino,1978,1979,1,0-01
4,San José,femenino,1978,1978,0,0-01
4,San José,masculino,1978,1978,0,0-01
4,San José,femenino,1980,2020,40,36-40
4,San José,femenino,1980,2013,33,31-35
4,San José,masculino,1881,1940,59,56-60
4,San José,masculino,1981,2019,38,36-40
4,San José,masculino,1981,1981,0,0-01
4,San José,masculino,1982,2016,34,31-35
4,San José,femenino,1983,2009,26,26-30
4,San José,femenino,1983,2019,36,36-40
4,San José,masculino,1983,2019,36,36-40
4,San José,femenino,1988,2002,14,11-15
4,San José,masculino,1992,2020,28,26-30
4,San José,masculino,1992,2014,22,21-25
4,San José,masculino,1994,2023,29,26-30
4,San José,masculino,1994,2016,22,21-25
4,San José,femenino,1996,1996,0,0-01
4,San José,masculino,2000,2020,20,16-20
4,San José,masculino,2001,2020,19,16-20
4,San José,masculino,2011,2013,2,02-05
4,San José,femenino,2019,2019,0,0-01
